Date,Open,High,Low,Close,Adj Close,Volume,Dividends,Stock Splits,Tax Effect Of Unusual Items,Tax Rate For Calcs,Normalized EBITDA,Total Unusual Items,Total Unusual Items Excluding Goodwill,Net Income From Continuing Operation Net Minority Interest,Reconciled Depreciation,Reconciled Cost Of Revenue,EBITDA,EBIT,Net Interest Income,Interest Expense,Interest Income,Normalized Income,Net Income From Continuing And Discontinued Operation,Total Expenses,Rent Expense Supplemental,Total Operating Income As Reported,Diluted Average Shares,Basic Average Shares,Diluted EPS,Basic EPS,Diluted NI Availto Com Stockholders,Average Dilution Earnings,Net Income Common Stockholders,Otherunder Preferred Stock Dividend,Net Income,Minority Interests,Net Income Including Noncontrolling Interests,Net Income Continuous Operations,Tax Provision,Pretax Income,Other Income Expense,Other Non Operating Income Expenses,Special Income Charges,Restructuring And Mergern Acquisition,Net Non Operating Interest Income Expense,Interest Expense Non Operating,Interest Income Non Operating,Operating Income,Operating Expense,Research And Development,Selling General And Administration,Gross Profit,Cost Of Revenue,Total Revenue,Operating Revenue,source,Treasury Shares Number,Ordinary Shares Number,Share Issued,Total Debt,Tangible Book Value,Invested Capital,Working Capital,Net Tangible Assets,Capital Lease Obligations,Common Stock Equity,Total Capitalization,Total Equity Gross Minority Interest,Minority Interest,Stockholders Equity,Gains Losses Not Affecting Retained Earnings,Other Equity Adjustments,Retained Earnings,Additional Paid In Capital,Capital Stock,Common Stock,Preferred Stock,Total Liabilities Net Minority Interest,Total Non Current Liabilities Net Minority Interest,Other Non Current Liabilities,Preferred Securities Outside Stock Equity,Non Current Accrued Expenses,Non Current Deferred Liabilities,Non Current Deferred Revenue,Non Current Deferred Taxes Liabilities,Long Term Debt And Capital Lease Obligation,Long Term Capital Lease Obligation,Long Term Debt,Long Term Provisions,Current Liabilities,Other Current Liabilities,Current Deferred Liabilities,Current Deferred Revenue,Current Debt And Capital Lease Obligation,Current Capital Lease Obligation,Current Debt,Other Current Borrowings,Line Of Credit,Current Provisions,Payables And Accrued Expenses,Current Accrued Expenses,Interest Payable,Payables,Total Tax Payable,Accounts Payable,Total Assets,Total Non Current Assets,Other Non Current Assets,Non Current Deferred Assets,Non Current Deferred Taxes Assets,Goodwill And Other Intangible Assets,Other Intangible Assets,Goodwill,Net PPE,Accumulated Depreciation,Gross PPE,Leases,Construction In Progress,Other Properties,Machinery Furniture Equipment,Land And Improvements,Properties,Current Assets,Other Current Assets,Prepaid Assets,Inventory,Other Inventories,Finished Goods,Work In Process,Raw Materials,Receivables,Accounts Receivable,Cash Cash Equivalents And Short Term Investments,Other Short Term Investments,Cash And Cash Equivalents,Cash Equivalents,Cash Financial,Free Cash Flow,Repayment Of Debt,Issuance Of Debt,Issuance Of Capital Stock,Capital Expenditure,Interest Paid Supplemental Data,Income Tax Paid Supplemental Data,End Cash Position,Beginning Cash Position,Effect Of Exchange Rate Changes,Changes In Cash,Financing Cash Flow,Cash Flow From Continuing Financing Activities,Net Other Financing Charges,Proceeds From Stock Option Exercised,Net Common Stock Issuance,Common Stock Issuance,Net Issuance Payments Of Debt,Net Long Term Debt Issuance,Long Term Debt Payments,Long Term Debt Issuance,Investing Cash Flow,Cash Flow From Continuing Investing Activities,Net Other Investing Changes,Net Investment Purchase And Sale,Sale Of Investment,Purchase Of Investment,Net Business Purchase And Sale,Sale Of Business,Purchase Of Business,Net Intangibles Purchase And Sale,Sale Of Intangibles,Purchase Of Intangibles,Net PPE Purchase And Sale,Purchase Of PPE,Operating Cash Flow,Cash Flow From Continuing Operating Activities,Change In Working Capital,Change In Other Working Capital,Change In Other Current Liabilities,Change In Other Current Assets,Change In Payables And Accrued Expense,Change In Payable,Change In Account Payable,Change In Prepaid Assets,Change In Inventory,Change In Receivables,Changes In Account Receivables,Other Non Cash Items,Stock Based Compensation,Asset Impairment Charge,Deferred Tax,Deferred Income Tax,Depreciation Amortization Depletion,Depreciation And Amortization,Depreciation,Operating Gains Losses,Net Foreign Currency Exchange Gain Loss,Gain Loss On Sale Of PPE,Net Income From Continuing Operations
2015-12-31,15.900667190551758,16.229999542236328,15.891332626342773,16.000667572021484,16.000667572021484,40725000,0.0,0.0,,,,,,,,,,,,,,,,,,,,,,,,,,,,,,,,,,,,,,,,,,,,,,,,,,,,,,,,,,,,,,,,,,,,,,,,,,,,,,,,,,,,,,,,,,,,,,,,,,,,,,,,,,,,,,,,,,,,,,,,,,,,,,,,,,,,,,,,,,,,,,,,,,,,,,,,,,,,,,,,,,,,,,,,,,,,,,,,,,,,,,,,,,,,,
2016-01-31,12.66333293914795,12.916000366210938,12.538666725158691,12.74666690826416,12.74666690826416,42784500,0.0,0.0,,,,,,,,,,,,,,,,,,,,,,,,,,,,,,,,,,,,,,,,,,,,,,,,,,,,,,,,,,,,,,,,,,,,,,,,,,,,,,,,,,,,,,,,,,,,,,,,,,,,,,,,,,,,,,,,,,,,,,,,,,,,,,,,,,,,,,,,,,,,,,,,,,,,,,,,,,,,,,,,,,,,,,,,,,,,,,,,,,,,,,,,,,,,,
2016-02-29,12.826666831970215,13.09000015258789,12.614666938781738,12.795332908630371,12.795332908630371,67485000,0.0,0.0,,,,,,,,,,,,,,,,,,,,,,,,,,,,,,,,,,,,,,,,,,,,,,,,,,,,,,,,,,,,,,,,,,,,,,,,,,,,,,,,,,,,,,,,,,,,,,,,,,,,,,,,,,,,,,,,,,,,,,,,,,,,,,,,,,,,,,,,,,,,,,,,,,,,,,,,,,,,,,,,,,,,,,,,,,,,,,,,,,,,,,,,,,,,,
2016-03-31,15.28933334350586,15.82800006866455,15.000666618347168,15.317999839782715,15.317999839782715,120193500,0.0,0.0,,,,,,,,,,,,,,,,,,,,,,,,,,,,,,,,,,,,,,,,,,,,,,,,,,,,,,,,,,,,,,,,,,,,,,,,,,,,,,,,,,,,,,,,,,,,,,,,,,,,,,,,,,,,,,,,,,,,,,,,,,,,,,,,,,,,,,,,,,,,,,,,,,,,,,,,,,,,,,,,,,,,,,,,,,,,,,,,,,,,,,,,,,,,,
2016-04-30,16.542667388916016,16.562000274658203,15.854000091552734,16.05066680908203,16.05066680908203,81207000,0.0,0.0,,,,,,,,,,,,,,,,,,,,,,,,,,,,,,,,,,,,,,,,,,,,,,,,,,,,,,,,,,,,,,,,,,,,,,,,,,,,,,,,,,,,,,,,,,,,,,,,,,,,,,,,,,,,,,,,,,,,,,,,,,,,,,,,,,,,,,,,,,,,,,,,,,,,,,,,,,,,,,,,,,,,,,,,,,,,,,,,,,,,,,,,,,,,,
2016-05-31,14.869333267211914,14.983332633972168,14.766667366027832,14.881999969482422,14.881999969482422,41835000,0.0,0.0,,,,,,,,,,,,,,,,,,,,,,,,,,,,,,,,,,,,,,,,,,,,,,,,,,,,,,,,,,,,,,,,,,,,,,,,,,,,,,,,,,,,,,,,,,,,,,,,,,,,,,,,,,,,,,,,,,,,,,,,,,,,,,,,,,,,,,,,,,,,,,,,,,,,,,,,,,,,,,,,,,,,,,,,,,,,,,,,,,,,,,,,,,,,,
2016-06-30,14.197999954223633,14.233332633972168,13.934666633605957,14.152000427246094,14.152000427246094,72646500,0.0,0.0,,,,,,,,,,,,,,,,,,,,,,,,,,,,,,,,,,,,,,,,,,,,,,,,,,,,,,,,,,,,,,,,,,,,,,,,,,,,,,,,,,,,,,,,,,,,,,,,,,,,,,,,,,,,,,,,,,,,,,,,,,,,,,,,,,,,,,,,,,,,,,,,,,,,,,,,,,,,,,,,,,,,,,,,,,,,,,,,,,,,,,,,,,,,,
2016-07-31,15.380000114440918,15.685333251953125,15.349332809448242,15.652667045593262,15.652667045593262,46062000,0.0,0.0,,,,,,,,,,,,,,,,,,,,,,,,,,,,,,,,,,,,,,,,,,,,,,,,,,,,,,,,,,,,,,,,,,,,,,,,,,,,,,,,,,,,,,,,,,,,,,,,,,,,,,,,,,,,,,,,,,,,,,,,,,,,,,,,,,,,,,,,,,,,,,,,,,,,,,,,,,,,,,,,,,,,,,,,,,,,,,,,,,,,,,,,,,,,,
2016-08-31,14.028667449951172,14.173333168029785,13.90999984741211,14.133999824523926,14.133999824523926,49147500,0.0,0.0,,,,,,,,,,,,,,,,,,,,,,,,,,,,,,,,,,,,,,,,,,,,,,,,,,,,,,,,,,,,,,,,,,,,,,,,,,,,,,,,,,,,,,,,,,,,,,,,,,,,,,,,,,,,,,,,,,,,,,,,,,,,,,,,,,,,,,,,,,,,,,,,,,,,,,,,,,,,,,,,,,,,,,,,,,,,,,,,,,,,,,,,,,,,,
2016-09-30,13.480667114257812,13.665332794189453,13.303333282470703,13.60200023651123,13.60200023651123,38794500,0.0,0.0,,,,,,,,,,,,,,,,,,,,,,,,,,,,,,,,,,,,,,,,,,,,,,,,,,,,,,,,,,,,,,,,,,,,,,,,,,,,,,,,,,,,,,,,,,,,,,,,,,,,,,,,,,,,,,,,,,,,,,,,,,,,,,,,,,,,,,,,,,,,,,,,,,,,,,,,,,,,,,,,,,,,,,,,,,,,,,,,,,,,,,,,,,,,,
2016-10-31,13.499333381652832,13.499333381652832,13.053999900817871,13.182000160217285,13.182000160217285,70384500,0.0,0.0,,,,,,,,,,,,,,,,,,,,,,,,,,,,,,,,,,,,,,,,,,,,,,,,,,,,,,,,,,,,,,,,,,,,,,,,,,,,,,,,,,,,,,,,,,,,,,,,,,,,,,,,,,,,,,,,,,,,,,,,,,,,,,,,,,,,,,,,,,,,,,,,,,,,,,,,,,,,,,,,,,,,,,,,,,,,,,,,,,,,,,,,,,,,,
2016-11-30,12.733332633972168,12.792667388916016,12.5,12.626667022705078,12.626667022705078,53206500,0.0,0.0,,,,,,,,,,,,,,,,,,,,,,,,,,,,,,,,,,,,,,,,,,,,,,,,,,,,,,,,,,,,,,,,,,,,,,,,,,,,,,,,,,,,,,,,,,,,,,,,,,,,,,,,,,,,,,,,,,,,,,,,,,,,,,,,,,,,,,,,,,,,,,,,,,,,,,,,,,,,,,,,,,,,,,,,,,,,,,,,,,,,,,,,,,,,,
2016-12-31,14.420000076293945,14.5,14.112000465393066,14.246000289916992,14.246000289916992,69639000,0.0,0.0,,,,,,,,,,,,,,,,,,,,,,,,,,,,,,,,,,,,,,,,,,,,,,,,,,,,,,,,,,,,,,,,,,,,,,,,,,,,,,,,,,,,,,,,,,,,,,,,,,,,,,,,,,,,,,,,,,,,,,,,,,,,,,,,,,,,,,,,,,,,,,,,,,,,,,,,,,,,,,,,,,,,,,,,,,,,,,,,,,,,,,,,,,,,,
2017-01-31,16.615999221801758,17.05933380126953,16.51333236694336,16.795333862304688,16.795333862304688,61741500,0.0,0.0,,,,,,,,,,,,,,,,,,,,,,,,,,,,,,,,,,,,,,,,,,,,,,,,,,,,,,,,,,,,,,,,,,,,,,,,,,,,,,,,,,,,,,,,,,,,,,,,,,,,,,,,,,,,,,,,,,,,,,,,,,,,,,,,,,,,,,,,,,,,,,,,,,,,,,,,,,,,,,,,,,,,,,,,,,,,,,,,,,,,,,,,,,,,,
2017-02-28,16.279333114624023,16.733333587646484,16.260000228881836,16.666000366210938,16.666000366210938,91171500,0.0,0.0,,,,,,,,,,,,,,,,,,,,,,,,,,,,,,,,,,,,,,,,,,,,,,,,,,,,,,,,,,,,,,,,,,,,,,,,,,,,,,,,,,,,,,,,,,,,,,,,,,,,,,,,,,,,,,,,,,,,,,,,,,,,,,,,,,,,,,,,,,,,,,,,,,,,,,,,,,,,,,,,,,,,,,,,,,,,,,,,,,,,,,,,,,,,,
2017-03-31,18.582000732421875,18.64533233642578,18.42133331298828,18.553333282470703,18.553333282470703,49419000,0.0,0.0,,,,,,,,,,,,,,,,,,,,,,,,,,,,,,,,,,,,,,,,,,,,,,,,,,,,,,,,,,,,,,,,,,,,,,,,,,,,,,,,,,,,,,,,,,,,,,,,,,,,,,,,,,,,,,,,,,,,,,,,,,,,,,,,,,,,,,,,,,,,,,,,,,,,,,,,,,,,,,,,,,,,,,,,,,,,,,,,,,,,,,,,,,,,,
2017-04-30,20.655332565307617,20.98666763305664,20.53333282470703,20.937999725341797,20.937999725341797,67582500,0.0,0.0,,,,,,,,,,,,,,,,,,,,,,,,,,,,,,,,,,,,,,,,,,,,,,,,,,,,,,,,,,,,,,,,,,,,,,,,,,,,,,,,,,,,,,,,,,,,,,,,,,,,,,,,,,,,,,,,,,,,,,,,,,,,,,,,,,,,,,,,,,,,,,,,,,,,,,,,,,,,,,,,,,,,,,,,,,,,,,,,,,,,,,,,,,,,,
2017-05-31,22.512666702270508,22.859333038330078,22.3439998626709,22.733999252319336,22.733999252319336,149451000,0.0,0.0,,,,,,,,,,,,,,,,,,,,,,,,,,,,,,,,,,,,,,,,,,,,,,,,,,,,,,,,,,,,,,,,,,,,,,,,,,,,,,,,,,,,,,,,,,,,,,,,,,,,,,,,,,,,,,,,,,,,,,,,,,,,,,,,,,,,,,,,,,,,,,,,,,,,,,,,,,,,,,,,,,,,,,,,,,,,,,,,,,,,,,,,,,,,,
2017-06-30,24.247333526611328,24.451332092285156,23.974666595458984,24.107332229614258,24.107332229614258,87727500,0.0,0.0,,,,,,,,,,,,,,,,,,,,,,,,,,,,,,,,,,,,,,,,,,,,,,,,,,,,,,,,,,,,,,,,,,,,,,,,,,,,,,,,,,,,,,,,,,,,,,,,,,,,,,,,,,,,,,,,,,,,,,,,,,,,,,,,,,,,,,,,,,,,,,,,,,,,,,,,,,,,,,,,,,,,,,,,,,,,,,,,,,,,,,,,,,,,,
2017-07-31,22.366666793823242,22.766000747680664,21.402666091918945,21.564666748046875,21.564666748046875,128026500,0.0,0.0,,,,,,,,,,,,,,,,,,,,,,,,,,,,,,,,,,,,,,,,,,,,,,,,,,,,,,,,,,,,,,,,,,,,,,,,,,,,,,,,,,,,,,,,,,,,,,,,,,,,,,,,,,,,,,,,,,,,,,,,,,,,,,,,,,,,,,,,,,,,,,,,,,,,,,,,,,,,,,,,,,,,,,,,,,,,,,,,,,,,,,,,,,,,,
2017-08-31,23.56999969482422,23.895999908447266,23.521333694458008,23.726667404174805,23.726667404174805,61092000,0.0,0.0,,,,,,,,,,,,,,,,,,,,,,,,,,,,,,,,,,,,,,,,,,,,,,,,,,,,,,,,,,,,,,,,,,,,,,,,,,,,,,,,,,,,,,,,,,,,,,,,,,,,,,,,,,,,,,,,,,,,,,,,,,,,,,,,,,,,,,,,,,,,,,,,,,,,,,,,,,,,,,,,,,,,,,,,,,,,,,,,,,,,,,,,,,,,,
2017-09-30,22.790666580200195,22.978666305541992,22.573333740234375,22.739999771118164,22.739999771118164,76606500,0.0,0.0,,,,,,,,,,,,,,,,,,,,,,,,,,,,,,,,,,,,,,,,,,,,,,,,,,,,,,,,,,,,,,,,,,,,,,,,,,,,,,,,,,,,,,,,,,,,,,,,,,,,,,,,,,,,,,,,,,,,,,,,,,,,,,,,,,,,,,,,,,,,,,,,,,,,,,,,,,,,,,,,,,,,,,,,,,,,,,,,,,,,,,,,,,,,,
2017-10-31,21.34866714477539,22.1299991607666,21.345333099365234,22.101999282836914,22.101999282836914,85084500,0.0,0.0,,,,,,,,,,,,,,,,,,,,,,,,,,,,,,,,,,,,,,,,,,,,,,,,,,,,,,,,,,,,,,,,,,,,,,,,,,,,,,,,,,,,,,,,,,,,,,,,,,,,,,,,,,,,,,,,,,,,,,,,,,,,,,,,,,,,,,,,,,,,,,,,,,,,,,,,,,,,,,,,,,,,,,,,,,,,,,,,,,,,,,,,,,,,,
2017-11-30,20.570667266845703,20.713333129882812,20.30266761779785,20.59000015258789,20.59000015258789,65274000,0.0,0.0,,,,,,,,,,,,,,,,,,,,,,,,,,,,,,,,,,,,,,,,,,,,,,,,,,,,,,,,,,,,,,,,,,,,,,,,,,,,,,,,,,,,,,,,,,,,,,,,,,,,,,,,,,,,,,,,,,,,,,,,,,,,,,,,,,,,,,,,,,,,,,,,,,,,,,,,,,,,,,,,,,,,,,,,,,,,,,,,,,,,,,,,,,,,,
2017-12-31,21.07866668701172,21.0939998626709,20.666667938232422,20.75666618347168,20.75666618347168,56658000,0.0,0.0,,,,,,,,,,,,,,,,,,,,,,,,,,,,,,,,,,,,,,,,,,,,,,,,,,,,,,,,,,,,,,,,,,,,,,,,,,,,,,,,,,,,,,,,,,,,,,,,,,,,,,,,,,,,,,,,,,,,,,,,,,,,,,,,,,,,,,,,,,,,,,,,,,,,,,,,,,,,,,,,,,,,,,,,,,,,,,,,,,,,,,,,,,,,,
2018-01-31,23.167333602905273,23.746000289916992,23.012666702270508,23.62066650390625,23.62066650390625,93211500,0.0,0.0,,,,,,,,,,,,,,,,,,,,,,,,,,,,,,,,,,,,,,,,,,,,,,,,,,,,,,,,,,,,,,,,,,,,,,,,,,,,,,,,,,,,,,,,,,,,,,,,,,,,,,,,,,,,,,,,,,,,,,,,,,,,,,,,,,,,,,,,,,,,,,,,,,,,,,,,,,,,,,,,,,,,,,,,,,,,,,,,,,,,,,,,,,,,,
2018-02-28,23.504667282104492,23.682666778564453,22.814666748046875,22.87066650390625,22.87066650390625,91045500,0.0,0.0,,,,,,,,,,,,,,,,,,,,,,,,,,,,,,,,,,,,,,,,,,,,,,,,,,,,,,,,,,,,,,,,,,,,,,,,,,,,,,,,,,,,,,,,,,,,,,,,,,,,,,,,,,,,,,,,,,,,,,,,,,,,,,,,,,,,,,,,,,,,,,,,,,,,,,,,,,,,,,,,,,,,,,,,,,,,,,,,,,,,,,,,,,,,,
2018-03-31,17.099332809448242,18.06399917602539,16.547332763671875,17.742000579833984,17.742000579833984,227560500,0.0,0.0,,,,,,,,,,,,,,,,,,,,,,,,,,,,,,,,,,,,,,,,,,,,,,,,,,,,,,,,,,,,,,,,,,,,,,,,,,,,,,,,,,,,,,,,,,,,,,,,,,,,,,,,,,,,,,,,,,,,,,,,,,,,,,,,,,,,,,,,,,,,,,,,,,,,,,,,,,,,,,,,,,,,,,,,,,,,,,,,,,,,,,,,,,,,,
2018-04-30,19.573999404907227,19.915332794189453,19.5,19.593332290649414,19.593332290649414,63423000,0.0,0.0,,,,,,,,,,,,,,,,,,,,,,,,,,,,,,,,,,,,,,,,,,,,,,,,,,,,,,,,,,,,,,,,,,,,,,,,,,,,,,,,,,,,,,,,,,,,,,,,,,,,,,,,,,,,,,,,,,,,,,,,,,,,,,,,,,,,,,,,,,,,,,,,,,,,,,,,,,,,,,,,,,,,,,,,,,,,,,,,,,,,,,,,,,,,,
2018-05-31,19.1473331451416,19.357999801635742,18.86199951171875,18.98200035095215,18.98200035095215,88795500,0.0,0.0,,,,,,,,,,,,,,,,,,,,,,,,,,,,,,,,,,,,,,,,,,,,,,,,,,,,,,,,,,,,,,,,,,,,,,,,,,,,,,,,,,,,,,,,,,,,,,,,,,,,,,,,,,,,,,,,,,,,,,,,,,,,,,,,,,,,,,,,,,,,,,,,,,,,,,,,,,,,,,,,,,,,,,,,,,,,,,,,,,,,,,,,,,,,,
2018-06-30,23.55533218383789,23.590667724609375,22.827333450317383,22.863332748413086,22.863332748413086,97386000,0.0,0.0,,,,,,,,,,,,,,,,,,,,,,,,,,,,,,,,,,,,,,,,,,,,,,,,,,,,,,,,,,,,,,,,,,,,,,,,,,,,,,,,,,,,,,,,,,,,,,,,,,,,,,,,,,,,,,,,,,,,,,,,,,,,,,,,,,,,,,,,,,,,,,,,,,,,,,,,,,,,,,,,,,,,,,,,,,,,,,,,,,,,,,,,,,,,,
2018-07-31,19.483333587646484,19.88800048828125,19.271333694458008,19.875999450683594,19.875999450683594,76153500,0.0,0.0,,,,,,,,,,,,,,,,,,,,,,,,,,,,,,,,,,,,,,,,,,,,,,,,,,,,,,,,,,,,,,,,,,,,,,,,,,,,,,,,,,,,,,,,,,,,,,,,,,,,,,,,,,,,,,,,,,,,,,,,,,,,,,,,,,,,,,,,,,,,,,,,,,,,,,,,,,,,,,,,,,,,,,,,,,,,,,,,,,,,,,,,,,,,,
2018-08-31,20.133333206176758,20.354000091552734,19.906667709350586,20.110666275024414,20.110666275024414,80626500,0.0,0.0,,,,,,,,,,,,,,,,,,,,,,,,,,,,,,,,,,,,,,,,,,,,,,,,,,,,,,,,,,,,,,,,,,,,,,,,,,,,,,,,,,,,,,,,,,,,,,,,,,,,,,,,,,,,,,,,,,,,,,,,,,,,,,,,,,,,,,,,,,,,,,,,,,,,,,,,,,,,,,,,,,,,,,,,,,,,,,,,,,,,,,,,,,,,,
2018-09-30,18.017332077026367,18.53333282470703,17.37066650390625,17.65133285522461,17.65133285522461,504745500,0.0,0.0,,,,,,,,,,,,,,,,,,,,,,,,,,,,,,,,,,,,,,,,,,,,,,,,,,,,,,,,,,,,,,,,,,,,,,,,,,,,,,,,,,,,,,,,,,,,,,,,,,,,,,,,,,,,,,,,,,,,,,,,,,,,,,,,,,,,,,,,,,,,,,,,,,,,,,,,,,,,,,,,,,,,,,,,,,,,,,,,,,,,,,,,,,,,,
2018-10-31,22.16933250427246,22.799999237060547,21.940000534057617,22.488000869750977,22.488000869750977,114364500,0.0,0.0,,,,,,,,,,,,,,,,,,,,,,,,,,,,,,,,,,,,,,,,,,,,,,,,,,,,,,,,,,,,,,,,,,,,,,,,,,,,,,,,,,,,,,,,,,,,,,,,,,,,,,,,,,,,,,,,,,,,,,,,,,,,,,,,,,,,,,,,,,,,,,,,,,,,,,,,,,,,,,,,,,,,,,,,,,,,,,,,,,,,,,,,,,,,,
2018-11-30,22.788667678833008,23.440000534057617,22.55066680908203,23.365333557128906,23.365333557128906,84436500,0.0,0.0,,,,,,,,,,,,,,,,,,,,,,,,,,,,,,,,,,,,,,,,,,,,,,,,,,,,,,,,,,,,,,,,,,,,,,,,,,,,,,,,,,,,,,,,,,,,,,,,,,,,,,,,,,,,,,,,,,,,,,,,,,,,,,,,,,,,,,,,,,,,,,,,,,,,,,,,,,,,,,,,,,,,,,,,,,,,,,,,,,,,,,,,,,,,,
2018-12-31,22.519332885742188,22.61400032043457,21.68400001525879,22.18666648864746,22.18666648864746,94534500,0.0,0.0,,,,,,,,,,,,,,,,,,,,,,,,,,,,,,,,,,,,,,,,,,,,,,,,,,,,,,,,,,,,,,,,,,,,,,,,,,,,,,,,,,,,,,,,,,,,,,,,,,,,,,,,,,,,,,,,,,,,,,,,,,,,,,,,,,,,,,,,,,,,,,,,,,,,,,,,,,,,,,,,,,,,,,,,,,,,,,,,,,,,,,,,,,,,,
2019-01-31,20.066667556762695,20.770666122436523,19.600000381469727,20.468000411987305,20.468000411987305,188538000,0.0,0.0,,,,,,,,,,,,,,,,,,,,,,,,,,,,,,,,,,,,,,,,,,,,,,,,,,,,,,,,,,,,,,,,,,,,,,,,,,,,,,,,,,,,,,,,,,,,,,,,,,,,,,,,,,,,,,,,,,,,,,,,,,,,,,,,,,,,,,,,,,,,,,,,,,,,,,,,,,,,,,,,,,,,,,,,,,,,,,,,,,,,,,,,,,,,,
2019-02-28,21.261333465576172,21.333332061767578,20.720666885375977,21.325332641601562,21.325332641601562,157810500,0.0,0.0,,,,,,,,,,,,,,,,,,,,,,,,,,,,,,,,,,,,,,,,,,,,,,,,,,,,,,,,,,,,,,,,,,,,,,,,,,,,,,,,,,,,,,,,,,,,,,,,,,,,,,,,,,,,,,,,,,,,,,,,,,,,,,,,,,,,,,,,,,,,,,,,,,,,,,,,,,,,,,,,,,,,,,,,,,,,,,,,,,,,,,,,,,,,,
2019-03-31,18.579999923706055,18.67733383178711,18.299999237060547,18.657333374023438,18.657333374023438,89869500,0.0,0.0,,,,,,,,,,,,,,,,,,,,,,,,,,,,,,,,,,,,,,,,,,,,,,,,,,,,,,,,,,,,,,,,,,,,,,,,,,,,,,,,,,,,,,,,,,,,,,,,,,,,,,,,,,,,,,,,,,,,,,,,,,,,,,,,,,,,,,,,,,,,,,,,,,,,,,,,,,,,,,,,,,,,,,,,,,,,,,,,,,,,,,,,,,,,,
2019-04-30,16.137332916259766,16.28066635131836,15.800000190734863,15.912667274475098,15.912667274475098,141969000,0.0,0.0,,,,,,,,,,,,,,,,,,,,,,,,,,,,,,,,,,,,,,,,,,,,,,,,,,,,,,,,,,,,,,,,,,,,,,,,,,,,,,,,,,,,,,,,,,,,,,,,,,,,,,,,,,,,,,,,,,,,,,,,,,,,,,,,,,,,,,,,,,,,,,,,,,,,,,,,,,,,,,,,,,,,,,,,,,,,,,,,,,,,,,,,,,,,,
2019-05-31,12.34000015258789,12.661333084106445,12.273332595825195,12.343999862670898,12.343999862670898,156100500,0.0,0.0,,,,,,,,,,,,,,,,,,,,,,,,,,,,,,,,,,,,,,,,,,,,,,,,,,,,,,,,,,,,,,,,,,,,,,,,,,,,,,,,,,,,,,,,,,,,,,,,,,,,,,,,,,,,,,,,,,,,,,,,,,,,,,,,,,,,,,,,,,,,,,,,,,,,,,,,,,,,,,,,,,,,,,,,,,,,,,,,,,,,,,,,,,,,,
2019-06-30,14.732666969299316,15.011333465576172,14.720000267028809,14.897333145141602,14.897333145141602,102771000,0.0,0.0,,,,,,,,,,,,,,,,,,,,,,,,,,,,,,,,,,,,,,,,,,,,,,,,,,,,,,,,,,,,,,,,,,,,,,,,,,,,,,,,,,,,,,,,,,,,,,,,,,,,,,,,,,,,,,,,,,,,,,,,,,,,,,,,,,,,,,,,,,,,,,,,,,,,,,,,,,,,,,,,,,,,,,,,,,,,,,,,,,,,,,,,,,,,,
2019-07-31,16.200000762939453,16.44533348083496,15.776666641235352,16.107332229614258,16.107332229614258,137673000,0.0,0.0,,,,,,,,,,,,,,,,,,,,,,,,,,,,,,,,,,,,,,,,,,,,,,,,,,,,,,,,,,,,,,,,,,,,,,,,,,,,,,,,,,,,,,,,,,,,,,,,,,,,,,,,,,,,,,,,,,,,,,,,,,,,,,,,,,,,,,,,,,,,,,,,,,,,,,,,,,,,,,,,,,,,,,,,,,,,,,,,,,,,,,,,,,,,,
2019-08-31,15.276666641235352,15.496000289916992,14.947333335876465,15.040666580200195,15.040666580200195,139809000,0.0,0.0,,,,,,,,,,,,,,,,,,,,,,,,,,,,,,,,,,,,,,,,,,,,,,,,,,,,,,,,,,,,,,,,,,,,,,,,,,,,,,,,,,,,,,,,,,,,,,,,,,,,,,,,,,,,,,,,,,,,,,,,,,,,,,,,,,,,,,,,,,,,,,,,,,,,,,,,,,,,,,,,,,,,,,,,,,,,,,,,,,,,,,,,,,,,,
2019-09-30,16.200000762939453,16.26533317565918,15.740667343139648,16.058000564575195,16.058000564575195,88197000,0.0,0.0,,,,,,,,,,,,,,,,,,,,,,,,,,,,,,,,,,,,,,,,,,,,,,,,,,,,,,,,,,,,,,,,,,,,,,,,,,,,,,,,,,,,,,,,,,,,,,,,,,,,,,,,,,,,,,,,,,,,,,,,,,,,,,,,,,,,,,,,,,,,,,,,,,,,,,,,,,,,,,,,,,,,,,,,,,,,,,,,,,,,,,,,,,,,,
2019-10-31,20.873332977294922,21.266666412353516,20.866666793823242,20.994667053222656,20.994667053222656,76005000,0.0,0.0,,,,,,,,,,,,,,,,,,,,,,,,,,,,,,,,,,,,,,,,,,,,,,,,,,,,,,,,,,,,,,,,,,,,,,,,,,,,,,,,,,,,,,,,,,,,,,,,,,,,,,,,,,,,,,,,,,,,,,,,,,,,,,,,,,,,,,,,,,,,,,,,,,,,,,,,,,,,,,,,,,,,,,,,,,,,,,,,,,,,,,,,,,,,,
2019-11-30,22.073999404907227,22.083999633789062,21.833332061767578,21.996000289916992,21.996000289916992,36984000,0.0,0.0,,,,,,,,,,,,,,,,,,,,,,,,,,,,,,,,,,,,,,,,,,,,,,,,,,,,,,,,,,,,,,,,,,,,,,,,,,,,,,,,,,,,,,,,,,,,,,,,,,,,,,,,,,,,,,,,,,,,,,,,,,,,,,,,,,,,,,,,,,,,,,,,,,,,,,,,,,,,,,,,,,,,,,,,,,,,,,,,,,,,,,,,,,,,,
2019-12-31,27.0,28.086000442504883,26.80533218383789,27.8886661529541,27.8886661529541,154285500,0.0,0.0,,,,,,,,,,,,,,,,,,,,,,,,,,,,,,,,,,,,,,,,,,,,,,,,,,,,,,,,,,,,,,,,,,,,,,,,,,,,,,,,,,,,,,,,,,,,,,,,,,,,,,,,,,,,,,,,,,,,,,,,,,,,,,,,,,,,,,,,,,,,,,,,,,,,,,,,,,,,,,,,,,,,,,,,,,,,,,,,,,,,,,,,,,,,,
2020-01-31,42.66666793823242,43.53333282470703,42.167999267578125,43.371334075927734,43.371334075927734,235789500,0.0,0.0,,,,,,,,,,,,,,,,,,,,,,,,,,,,,,,,,,,,,,,,,,,,,,,,,,,,,,,,,,,,,,,,,,,,,,,,,,,,,,,,,,,,,,,,,,,,,,,,,,,,,,,,,,,,,,,,,,,,,,,,,,,,,,,,,,,,,,,,,,,,,,,,,,,,,,,,,,,,,,,,,,,,,,,,,,,,,,,,,,,,,,,,,,,,,
2020-02-29,41.97999954223633,46.03466796875,40.768001556396484,44.53266525268555,44.53266525268555,363343500,0.0,0.0,,,,,,,,,,,,,,,,,,,,,,,,,,,,,,,,,,,,,,,,,,,,,,,,,,,,,,,,,,,,,,,,,,,,,,,,,,,,,,,,,,,,,,,,,,,,,,,,,,,,,,,,,,,,,,,,,,,,,,,,,,,,,,,,,,,,,,,,,,,,,,,,,,,,,,,,,,,,,,,,,,,,,,,,,,,,,,,,,,,,,,,,,,,,,
2020-03-31,33.41666793823242,36.19733428955078,33.133331298828125,34.93333435058594,34.93333435058594,266572500,0.0,0.0,,,,,,,,,,,,,,,,,,,,,,,,,,,,,,,,,,,,,,,,,,,,,,,,,,,,,,,,,,,,,,,,,,,,,,,,,,,,,,,,,,,,,,,,,,,,,,,,,,,,,,,,,,,,,,,,,,,,,,,,,,,,,,,,,,,,,,,,,,,,,,,,,,,,,,,,,,,,,,,,,,,,,,,,,,,,,,,,,,,,,,,,,,,,,
2020-04-30,57.01266860961914,57.987998962402344,50.900001525878906,52.12533187866211,52.12533187866211,427078500,0.0,0.0,,,,,,,,,,,,,,,,,,,,,,,,,,,,,,,,,,,,,,,,,,,,,,,,,,,,,,,,,,,,,,,,,,,,,,,,,,,,,,,,,,,,,,,,,,,,,,,,,,,,,,,,,,,,,,,,,,,,,,,,,,,,,,,,,,,,,,,,,,,,,,,,,,,,,,,,,,,,,,,,,,,,,,,,,,,,,,,,,,,,,,,,,,,,,
2020-05-31,53.91666793823242,55.66666793823242,53.61399841308594,55.66666793823242,55.66666793823242,176467500,0.0,0.0,,,,,,,,,,,,,,,,,,,,,,,,,,,,,,,,,,,,,,,,,,,,,,,,,,,,,,,,,,,,,,,,,,,,,,,,,,,,,,,,,,,,,,,,,,,,,,,,,,,,,,,,,,,,,,,,,,,,,,,,,,,,,,,,,,,,,,,,,,,,,,,,,,,,,,,,,,,,,,,,,,,,,,,,,,,,,,,,,,,,,,,,,,,,,
2020-06-30,67.0999984741211,72.51266479492188,66.91533660888672,71.98733520507812,71.98733520507812,253777500,0.0,0.0,,,,,,,,,,,,,,,,,,,,,,,,,,,,,,,,,,,,,,,,,,,,,,,,,,,,,,,,,,,,,,,,,,,,,,,,,,,,,,,,,,,,,,,,,,,,,,,,,,,,,,,,,,,,,,,,,,,,,,,,,,,,,,,,,,,,,,,,,,,,,,,,,,,,,,,,,,,,,,,,,,,,,,,,,,,,,,,,,,,,,,,,,,,,,
2020-07-31,101.0,101.13666534423828,94.73200225830078,95.38400268554688,95.38400268554688,183123000,0.0,0.0,,,,,,,,,,,,,,,,,,,,,,,,,,,,,,,,,,,,,,,,,,,,,,,,,,,,,,,,,,,,,,,,,,,,,,,,,,,,,,,,,,,,,,,,,,,,,,,,,,,,,,,,,,,,,,,,,,,,,,,,,,,,,,,,,,,,,,,,,,,,,,,,,,,,,,,,,,,,,,,,,,,,,,,,,,,,,,,,,,,,,,,,,,,,,
2020-08-31,148.20333862304688,166.7133331298828,146.70333862304688,166.10667419433594,166.10667419433594,355123200,0.0,5.0,,,,,,,,,,,,,,,,,,,,,,,,,,,,,,,,,,,,,,,,,,,,,,,,,,,,,,,,,,,,,,,,,,,,,,,,,,,,,,,,,,,,,,,,,,,,,,,,,,,,,,,,,,,,,,,,,,,,,,,,,,,,,,,,,,,,,,,,,,,,,,,,,,,,,,,,,,,,,,,,,,,,,,,,,,,,,,,,,,,,,,,,,,,,,
2020-09-30,140.44000244140625,144.64332580566406,140.1566619873047,143.00332641601562,143.00332641601562,144436800,0.0,0.0,,,,,,,,,,,,,,,,,,,,,,,,,,,,,,,,,,,,,,,,,,,,,,,,,,,,,,,,,,,,,,,,,,,,,,,,,,,,,,,,,,,,,,,,,,,,,,,,,,,,,,,,,,,,,,,,,,,,,,,,,,,,,,,,,,,,,,,,,,,,,,,,,,,,,,,,,,,,,,,,,,,,,,,,,,,,,,,,,,,,,,,,,,,,,
2020-10-31,135.63333129882812,135.8633270263672,126.37000274658203,129.34666442871094,129.34666442871094,127533900,0.0,0.0,,,,,,,,,,,,,,,,,,,,,,,,,,,,,,,,,,,,,,,,,,,,,,,,,,,,,,,,,,,,,,,,,,,,,,,,,,,,,,,,,,,,,,,,,,,,,,,,,,,,,,,,,,,,,,,,,,,,,,,,,,,,,,,,,,,,,,,,,,,,,,,,,,,,,,,,,,,,,,,,,,,,,,,,,,,,,,,,,,,,,,,,,,,,,
2020-11-30,200.73666381835938,202.60000610351562,184.836669921875,189.1999969482422,189.1999969482422,189009300,0.0,0.0,,,,,,,,,,,,,,,,,,,,,,,,,,,,,,,,,,,,,,,,,,,,,,,,,,,,,,,,,,,,,,,,,,,,,,,,,,,,,,,,,,,,,,,,,,,,,,,,,,,,,,,,,,,,,,,,,,,,,,,,,,,,,,,,,,,,,,,,,,,,,,,,,,,,,,,,,,,,,,,,,,,,,,,,,,,,,,,,,,,,,,,,,,,,,
2020-12-31,233.3300018310547,239.57333374023438,230.3733367919922,235.22332763671875,235.22332763671875,148949700,0.0,0.0,,,,,,,,,,,,,,,,,,,,,,,,,,,,,,,,,,,,,,,,,,,,,,,,cashflow,,,,,,,,,,,,,,,,,,,,,,,,,,,,,,,,,,,,,,,,,,,,,,,,,,,,,,,,,,,,,,,,,,,,,,,,,,,,,,,,,,,,,12269000000.0,,,,,,,,,,,,12269000000.0,12269000000.0,,,,,,,123000000.0,,,,,,,,,,,,,,,,495000000.0,,,,,,,,,,,,,,,,,,,,
2021-01-31,276.6666564941406,280.8033447265625,260.0333251953125,264.510009765625,264.510009765625,104972400,0.0,0.0,,,,,,,,,,,,,,,,,,,,,,,,,,,,,,,,,,,,,,,,,,,,,,,,cashflow,,,,,,,,,,,,,,,,,,,,,,,,,,,,,,,,,,,,,,,,,,,,,,,,,,,,,,,,,,,,,,,,,,,,,,,,,,,,,,,,,,,,,12269000000.0,,,,,,,,,,,,12269000000.0,12269000000.0,,,,,,,123000000.0,,,,,,,,,,,,,,,,495000000.0,,,,,,,,,,,,,,,,,,,,
2021-02-28,233.3333282470703,235.56666564941406,219.836669921875,225.1666717529297,225.1666717529297,123267600,0.0,0.0,,,,,,,,,,,,,,,,,,,,,,,,,,,,,,,,,,,,,,,,,,,,,,,,cashflow,,,,,,,,,,,,,,,,,,,,,,,,,,,,,,,,,,,,,,,,,,,,,,,,,,,,,,,,,,,,,,,,,,,,,,,,,,,,,,,,,,,,,12269000000.0,,,,,,,,,,,,12269000000.0,12269000000.0,,,,,,,123000000.0,,,,,,,,,,,,,,,,495000000.0,,,,,,,,,,,,,,,,,,,,
2021-03-31,215.5399932861328,224.0,213.70333862304688,222.64332580566406,222.64332580566406,100011900,0.0,0.0,,,,,,,,,,,,,,,,,,,,,,,,,,,,,,,,,,,,,,,,,,,,,,,,cashflow,,,,,,,,,,,,,,,,,,,,,,,,,,,,,,,,,,,,,,,,,,,,,,,,,,,,,,,,,,,,,,,,,,,,,,,,,,,,,,,,,,,,,12269000000.0,,,,,,,,,,,,12269000000.0,12269000000.0,,,,,,,123000000.0,,,,,,,,,,,,,,,,495000000.0,,,,,,,,,,,,,,,,,,,,
2021-04-30,222.52999877929688,238.49000549316406,222.04666137695312,236.47999572753906,236.47999572753906,122276100,0.0,0.0,,,,,,,,,,,,,,,,,,,,,,,,,,,,,,,,,,,,,,,,,,,,,,,,cashflow,,,,,,,,,,,,,,,,,,,,,,,,,,,,,,,,,,,,,,,,,,,,,,,,,,,,,,,,,,,,,,,,,,,,,,,,,,,,,,,,,,,,,12269000000.0,,,,,,,,,,,,12269000000.0,12269000000.0,,,,,,,123000000.0,,,,,,,,,,,,,,,,495000000.0,,,,,,,,,,,,,,,,,,,,
2021-05-31,209.5,211.8633270263672,207.4600067138672,208.4066619873047,208.4066619873047,68211000,0.0,0.0,,,,,,,,,,,,,,,,,,,,,,,,,,,,,,,,,,,,,,,,,,,,,,,,cashflow,,,,,,,,,,,,,,,,,,,,,,,,,,,,,,,,,,,,,,,,,,,,,,,,,,,,,,,,,,,,,,,,,,,,,,,,,,,,,,,,,,,,,12269000000.0,,,,,,,,,,,,12269000000.0,12269000000.0,,,,,,,123000000.0,,,,,,,,,,,,,,,,495000000.0,,,,,,,,,,,,,,,,,,,,
2021-06-30,226.58999633789062,230.93666076660156,226.04666137695312,226.56666564941406,226.56666564941406,56774700,0.0,0.0,,,,,,,,,,,,,,,,,,,,,,,,,,,,,,,,,,,,,,,,,,,,,,,,cashflow,,,,,,,,,,,,,,,,,,,,,,,,,,,,,,,,,,,,,,,,,,,,,,,,,,,,,,,,,,,,,,,,,,,,,,,,,,,,,,,,,,,,,12269000000.0,,,,,,,,,,,,12269000000.0,12269000000.0,,,,,,,123000000.0,,,,,,,,,,,,,,,,495000000.0,,,,,,,,,,,,,,,,,,,,
2021-07-31,223.9199981689453,232.50999450683594,223.0,229.06666564941406,229.06666564941406,88969200,0.0,0.0,,,,,,,,,,,,,,,,,,,,,,,,,,,,,,,,,,,,,,,,,,,,,,,,cashflow,,,,,,,,,,,,,,,,,,,,,,,,,,,,,,,,,,,,,,,,,,,,,,,,,,,,,,,,,,,,,,,,,,,,,,,,,,,,,,,,,,,,,12269000000.0,,,,,,,,,,,,12269000000.0,12269000000.0,,,,,,,123000000.0,,,,,,,,,,,,,,,,495000000.0,,,,,,,,,,,,,,,,,,,,
2021-08-31,244.3333282470703,246.79666137695312,242.14666748046875,245.24000549316406,245.24000549316406,62566200,0.0,0.0,,,,,,,,,,,,,,,,,,,,,,,,,,,,,,,,,,,,,,,,,,,,,,,,cashflow,,,,,,,,,,,,,,,,,,,,,,,,,,,,,,,,,,,,,,,,,,,,,,,,,,,,,,,,,,,,,,,,,,,,,,,,,,,,,,,,,,,,,12269000000.0,,,,,,,,,,,,12269000000.0,12269000000.0,,,,,,,123000000.0,,,,,,,,,,,,,,,,495000000.0,,,,,,,,,,,,,,,,,,,,
2021-09-30,260.3333435058594,263.0433349609375,258.3333435058594,258.49334716796875,258.49334716796875,53868000,0.0,0.0,,,,,,,,,,,,,,,,,,,,,,,,,,,,,,,,,,,,,,,,,,,,,,,,cashflow,,,,,,,,,,,,,,,,,,,,,,,,,,,,,,,,,,,,,,,,,,,,,,,,,,,,,,,,,,,,,,,,,,,,,,,,,,,,,,,,,,,,,12269000000.0,,,,,,,,,,,,12269000000.0,12269000000.0,,,,,,,123000000.0,,,,,,,,,,,,,,,,495000000.0,,,,,,,,,,,,,,,,,,,,
2021-10-31,360.6199951171875,371.7366638183594,357.7366638183594,371.3333435058594,371.3333435058594,89755200,0.0,0.0,,,,,,,,,,,,,,,,,,,,,,,,,,,,,,,,,,,,,,,,,,,,,,,,cashflow,,,,,,,,,,,,,,,,,,,,,,,,,,,,,,,,,,,,,,,,,,,,,,,,,,,,,,,,,,,,,,,,,,,,,,,,,,,,,,,,,,,,,12269000000.0,,,,,,,,,,,,12269000000.0,12269000000.0,,,,,,,123000000.0,,,,,,,,,,,,,,,,495000000.0,,,,,,,,,,,,,,,,,,,,
2021-11-30,381.4566650390625,389.3333435058594,372.6666564941406,381.586669921875,381.586669921875,81276000,0.0,0.0,,,,,,,,,,,,,,,,,,,,,,,,,,,,,,,,,,,,,,,,,,,,,,,,cashflow,,,,,,,,,,,,,,,,,,,,,,,,,,,,,,,,,,,,,,,,,,,,,,,,,,,,,,,,,,,,,,,,,,,,,,,,,,,,,,,,,,,,,12269000000.0,,,,,,,,,,,,12269000000.0,12269000000.0,,,,,,,123000000.0,,,,,,,,,,,,,,,,495000000.0,,,,,,,,,,,,,,,,,,,,
2021-12-31,357.8133239746094,360.6666564941406,351.5299987792969,352.260009765625,352.260009765625,40733700,0.0,0.0,,,,,,,,,,,,,,,,,,,,,,,,,,,,,,,,,,,,,,,,,,,,,,,,cashflow,,,,,,,,,,,,,,,,,,,,,,,,,,,,,,,,,,,,,,,,,,,,,,,,,,,,,,,,,,,,,,,,,,,,,,,,,,,,,,,,,,3483000000.0,-14615000000.0,8883000000.0,0.0,-8014000000.0,266000000.0,561000000.0,18144000000.0,19901000000.0,-183000000.0,-1574000000.0,-5203000000.0,-5203000000.0,-178000000.0,707000000.0,0.0,0.0,-5732000000.0,-5732000000.0,-14615000000.0,8883000000.0,-7868000000.0,-7868000000.0,6000000.0,-132000000.0,0.0,-132000000.0,0.0,0.0,0.0,-1228000000.0,272000000.0,-1500000000.0,-6514000000.0,-6514000000.0,11497000000.0,11497000000.0,667000000.0,793000000.0,476000000.0,-2114000000.0,5367000000.0,5367000000.0,5367000000.0,-1540000000.0,-1709000000.0,-130000000.0,-130000000.0,245000000.0,2121000000.0,140000000.0,-149000000.0,-149000000.0,2911000000.0,2911000000.0,2911000000.0,-82000000.0,-55000000.0,-27000000.0,5644000000.0
2022-01-31,290.9033203125,312.663330078125,287.3500061035156,312.239990234375,312.239990234375,104436000,0.0,0.0,,,,,,,,,,,,,,,,,,,,,,,,,,,,,,,,,,,,,,,,,,,,,,,,cashflow,,,,,,,,,,,,,,,,,,,,,,,,,,,,,,,,,,,,,,,,,,,,,,,,,,,,,,,,,,,,,,,,,,,,,,,,,,,,,,,,,,3483000000.0,-14615000000.0,8883000000.0,0.0,-8014000000.0,266000000.0,561000000.0,18144000000.0,19901000000.0,-183000000.0,-1574000000.0,-5203000000.0,-5203000000.0,-178000000.0,707000000.0,0.0,0.0,-5732000000.0,-5732000000.0,-14615000000.0,8883000000.0,-7868000000.0,-7868000000.0,6000000.0,-132000000.0,0.0,-132000000.0,0.0,0.0,0.0,-1228000000.0,272000000.0,-1500000000.0,-6514000000.0,-6514000000.0,11497000000.0,11497000000.0,667000000.0,793000000.0,476000000.0,-2114000000.0,5367000000.0,5367000000.0,5367000000.0,-1540000000.0,-1709000000.0,-130000000.0,-130000000.0,245000000.0,2121000000.0,140000000.0,-149000000.0,-149000000.0,2911000000.0,2911000000.0,2911000000.0,-82000000.0,-55000000.0,-27000000.0,5644000000.0
2022-02-28,271.6700134277344,292.28668212890625,271.57000732421875,290.1433410644531,290.1433410644531,99006900,0.0,0.0,,,,,,,,,,,,,,,,,,,,,,,,,,,,,,,,,,,,,,,,,,,,,,,,cashflow,,,,,,,,,,,,,,,,,,,,,,,,,,,,,,,,,,,,,,,,,,,,,,,,,,,,,,,,,,,,,,,,,,,,,,,,,,,,,,,,,,3483000000.0,-14615000000.0,8883000000.0,0.0,-8014000000.0,266000000.0,561000000.0,18144000000.0,19901000000.0,-183000000.0,-1574000000.0,-5203000000.0,-5203000000.0,-178000000.0,707000000.0,0.0,0.0,-5732000000.0,-5732000000.0,-14615000000.0,8883000000.0,-7868000000.0,-7868000000.0,6000000.0,-132000000.0,0.0,-132000000.0,0.0,0.0,0.0,-1228000000.0,272000000.0,-1500000000.0,-6514000000.0,-6514000000.0,11497000000.0,11497000000.0,667000000.0,793000000.0,476000000.0,-2114000000.0,5367000000.0,5367000000.0,5367000000.0,-1540000000.0,-1709000000.0,-130000000.0,-130000000.0,245000000.0,2121000000.0,140000000.0,-149000000.0,-149000000.0,2911000000.0,2911000000.0,2911000000.0,-82000000.0,-55000000.0,-27000000.0,5644000000.0
2022-03-31,364.8566589355469,367.71331787109375,358.8800048828125,359.20001220703125,359.20001220703125,48992700,0.0,0.0,,,,,,,,,,,,,,,,,,,,,,,,,,,,,,,,,,,,,,,,,,,,,,,,cashflow,,,,,,,,,,,,,,,,,,,,,,,,,,,,,,,,,,,,,,,,,,,,,,,,,,,,,,,,,,,,,,,,,,,,,,,,,,,,,,,,,,3483000000.0,-14615000000.0,8883000000.0,0.0,-8014000000.0,266000000.0,561000000.0,18144000000.0,19901000000.0,-183000000.0,-1574000000.0,-5203000000.0,-5203000000.0,-178000000.0,707000000.0,0.0,0.0,-5732000000.0,-5732000000.0,-14615000000.0,8883000000.0,-7868000000.0,-7868000000.0,6000000.0,-132000000.0,0.0,-132000000.0,0.0,0.0,0.0,-1228000000.0,272000000.0,-1500000000.0,-6514000000.0,-6514000000.0,11497000000.0,11497000000.0,667000000.0,793000000.0,476000000.0,-2114000000.0,5367000000.0,5367000000.0,5367000000.0,-1540000000.0,-1709000000.0,-130000000.0,-130000000.0,245000000.0,2121000000.0,140000000.0,-149000000.0,-149000000.0,2911000000.0,2911000000.0,2911000000.0,-82000000.0,-55000000.0,-27000000.0,5644000000.0
2022-04-30,300.75,311.4666748046875,290.0,290.2533264160156,290.2533264160156,88133100,0.0,0.0,,,,,,,,,,,,,,,,,,,,,,,,,,,,,,,,,,,,,,,,,,,,,,,,cashflow,,,,,,,,,,,,,,,,,,,,,,,,,,,,,,,,,,,,,,,,,,,,,,,,,,,,,,,,,,,,,,,,,,,,,,,,,,,,,,,,,,3483000000.0,-14615000000.0,8883000000.0,0.0,-8014000000.0,266000000.0,561000000.0,18144000000.0,19901000000.0,-183000000.0,-1574000000.0,-5203000000.0,-5203000000.0,-178000000.0,707000000.0,0.0,0.0,-5732000000.0,-5732000000.0,-14615000000.0,8883000000.0,-7868000000.0,-7868000000.0,6000000.0,-132000000.0,0.0,-132000000.0,0.0,0.0,0.0,-1228000000.0,272000000.0,-1500000000.0,-6514000000.0,-6514000000.0,11497000000.0,11497000000.0,667000000.0,793000000.0,476000000.0,-2114000000.0,5367000000.0,5367000000.0,5367000000.0,-1540000000.0,-1709000000.0,-130000000.0,-130000000.0,245000000.0,2121000000.0,140000000.0,-149000000.0,-149000000.0,2911000000.0,2911000000.0,2911000000.0,-82000000.0,-55000000.0,-27000000.0,5644000000.0
2022-05-31,257.9466552734375,259.6000061035156,244.7433319091797,252.75332641601562,252.75332641601562,101914500,0.0,0.0,,,,,,,,,,,,,,,,,,,,,,,,,,,,,,,,,,,,,,,,,,,,,,,,cashflow,,,,,,,,,,,,,,,,,,,,,,,,,,,,,,,,,,,,,,,,,,,,,,,,,,,,,,,,,,,,,,,,,,,,,,,,,,,,,,,,,,3483000000.0,-14615000000.0,8883000000.0,0.0,-8014000000.0,266000000.0,561000000.0,18144000000.0,19901000000.0,-183000000.0,-1574000000.0,-5203000000.0,-5203000000.0,-178000000.0,707000000.0,0.0,0.0,-5732000000.0,-5732000000.0,-14615000000.0,8883000000.0,-7868000000.0,-7868000000.0,6000000.0,-132000000.0,0.0,-132000000.0,0.0,0.0,0.0,-1228000000.0,272000000.0,-1500000000.0,-6514000000.0,-6514000000.0,11497000000.0,11497000000.0,667000000.0,793000000.0,476000000.0,-2114000000.0,5367000000.0,5367000000.0,5367000000.0,-1540000000.0,-1709000000.0,-130000000.0,-130000000.0,245000000.0,2121000000.0,140000000.0,-149000000.0,-149000000.0,2911000000.0,2911000000.0,2911000000.0,-82000000.0,-55000000.0,-27000000.0,5644000000.0
2022-06-30,224.50999450683594,229.4566650390625,218.8633270263672,224.47332763671875,224.47332763671875,94600500,0.0,0.0,,,,,,,,,,,,,,,,,,,,,,,,,,,,,,,,,,,,,,,,,,,,,,,,cashflow,,,,,,,,,,,,,,,,,,,,,,,,,,,,,,,,,,,,,,,,,,,,,,,,,,,,,,,,,,,,,,,,,,,,,,,,,,,,,,,,,,3483000000.0,-14615000000.0,8883000000.0,0.0,-8014000000.0,266000000.0,561000000.0,18144000000.0,19901000000.0,-183000000.0,-1574000000.0,-5203000000.0,-5203000000.0,-178000000.0,707000000.0,0.0,0.0,-5732000000.0,-5732000000.0,-14615000000.0,8883000000.0,-7868000000.0,-7868000000.0,6000000.0,-132000000.0,0.0,-132000000.0,0.0,0.0,0.0,-1228000000.0,272000000.0,-1500000000.0,-6514000000.0,-6514000000.0,11497000000.0,11497000000.0,667000000.0,793000000.0,476000000.0,-2114000000.0,5367000000.0,5367000000.0,5367000000.0,-1540000000.0,-1709000000.0,-130000000.0,-130000000.0,245000000.0,2121000000.0,140000000.0,-149000000.0,-149000000.0,2911000000.0,2911000000.0,2911000000.0,-82000000.0,-55000000.0,-27000000.0,5644000000.0
2022-07-31,280.70001220703125,298.32000732421875,279.1000061035156,297.1499938964844,297.1499938964844,95313000,0.0,0.0,,,,,,,,,,,,,,,,,,,,,,,,,,,,,,,,,,,,,,,,,,,,,,,,cashflow,,,,,,,,,,,,,,,,,,,,,,,,,,,,,,,,,,,,,,,,,,,,,,,,,,,,,,,,,,,,,,,,,,,,,,,,,,,,,,,,,,3483000000.0,-14615000000.0,8883000000.0,0.0,-8014000000.0,266000000.0,561000000.0,18144000000.0,19901000000.0,-183000000.0,-1574000000.0,-5203000000.0,-5203000000.0,-178000000.0,707000000.0,0.0,0.0,-5732000000.0,-5732000000.0,-14615000000.0,8883000000.0,-7868000000.0,-7868000000.0,6000000.0,-132000000.0,0.0,-132000000.0,0.0,0.0,0.0,-1228000000.0,272000000.0,-1500000000.0,-6514000000.0,-6514000000.0,11497000000.0,11497000000.0,667000000.0,793000000.0,476000000.0,-2114000000.0,5367000000.0,5367000000.0,5367000000.0,-1540000000.0,-1709000000.0,-130000000.0,-130000000.0,245000000.0,2121000000.0,140000000.0,-149000000.0,-149000000.0,2911000000.0,2911000000.0,2911000000.0,-82000000.0,-55000000.0,-27000000.0,5644000000.0
2022-08-31,280.6199951171875,281.25,271.80999755859375,275.6099853515625,275.6099853515625,52107300,0.0,0.0,,,,,,,,,,,,,,,,,,,,,,,,,,,,,,,,,,,,,,,,,,,,,,,,cashflow,,,,,,,,,,,,,,,,,,,,,,,,,,,,,,,,,,,,,,,,,,,,,,,,,,,,,,,,,,,,,,,,,,,,,,,,,,,,,,,,,,3483000000.0,-14615000000.0,8883000000.0,0.0,-8014000000.0,266000000.0,561000000.0,18144000000.0,19901000000.0,-183000000.0,-1574000000.0,-5203000000.0,-5203000000.0,-178000000.0,707000000.0,0.0,0.0,-5732000000.0,-5732000000.0,-14615000000.0,8883000000.0,-7868000000.0,-7868000000.0,6000000.0,-132000000.0,0.0,-132000000.0,0.0,0.0,0.0,-1228000000.0,272000000.0,-1500000000.0,-6514000000.0,-6514000000.0,11497000000.0,11497000000.0,667000000.0,793000000.0,476000000.0,-2114000000.0,5367000000.0,5367000000.0,5367000000.0,-1540000000.0,-1709000000.0,-130000000.0,-130000000.0,245000000.0,2121000000.0,140000000.0,-149000000.0,-149000000.0,2911000000.0,2911000000.0,2911000000.0,-82000000.0,-55000000.0,-27000000.0,5644000000.0
2022-09-30,266.1499938964844,275.57000732421875,262.4700012207031,265.25,265.25,67726600,0.0,0.0,,,,,,,,,,,,,,,,,,,,,,,,,,,,,,,,,,,,,,,,,,,,,,,,cashflow,,,,,,,,,,,,,,,,,,,,,,,,,,,,,,,,,,,,,,,,,,,,,,,,,,,,,,,,,,,,,,,,,,,,,,,,,,,,,,,,,,3483000000.0,-14615000000.0,8883000000.0,0.0,-8014000000.0,266000000.0,561000000.0,18144000000.0,19901000000.0,-183000000.0,-1574000000.0,-5203000000.0,-5203000000.0,-178000000.0,707000000.0,0.0,0.0,-5732000000.0,-5732000000.0,-14615000000.0,8883000000.0,-7868000000.0,-7868000000.0,6000000.0,-132000000.0,0.0,-132000000.0,0.0,0.0,0.0,-1228000000.0,272000000.0,-1500000000.0,-6514000000.0,-6514000000.0,11497000000.0,11497000000.0,667000000.0,793000000.0,476000000.0,-2114000000.0,5367000000.0,5367000000.0,5367000000.0,-1540000000.0,-1709000000.0,-130000000.0,-130000000.0,245000000.0,2121000000.0,140000000.0,-149000000.0,-149000000.0,2911000000.0,2911000000.0,2911000000.0,-82000000.0,-55000000.0,-27000000.0,5644000000.0
2022-10-31,226.19000244140625,229.85000610351562,221.94000244140625,227.5399932861328,227.5399932861328,61554300,0.0,0.0,,,,,,,,,,,,,,,,,,,,,,,,,,,,,,,,,,,,,,,,,,,,,,,,cashflow,,,,,,,,,,,,,,,,,,,,,,,,,,,,,,,,,,,,,,,,,,,,,,,,,,,,,,,,,,,,,,,,,,,,,,,,,,,,,,,,,,3483000000.0,-14615000000.0,8883000000.0,0.0,-8014000000.0,266000000.0,561000000.0,18144000000.0,19901000000.0,-183000000.0,-1574000000.0,-5203000000.0,-5203000000.0,-178000000.0,707000000.0,0.0,0.0,-5732000000.0,-5732000000.0,-14615000000.0,8883000000.0,-7868000000.0,-7868000000.0,6000000.0,-132000000.0,0.0,-132000000.0,0.0,0.0,0.0,-1228000000.0,272000000.0,-1500000000.0,-6514000000.0,-6514000000.0,11497000000.0,11497000000.0,667000000.0,793000000.0,476000000.0,-2114000000.0,5367000000.0,5367000000.0,5367000000.0,-1540000000.0,-1709000000.0,-130000000.0,-130000000.0,245000000.0,2121000000.0,140000000.0,-149000000.0,-149000000.0,2911000000.0,2911000000.0,2911000000.0,-82000000.0,-55000000.0,-27000000.0,5644000000.0
2022-11-30,182.42999267578125,194.75999450683594,180.6300048828125,194.6999969482422,194.6999969482422,109186400,0.0,0.0,,,,,,,,,,,,,,,,,,,,,,,,,,,,,,,,,,,,,,,,,,,,,,,,cashflow,,,,,,,,,,,,,,,,,,,,,,,,,,,,,,,,,,,,,,,,,,,,,,,,,,,,,,,,,,,,,,,,,,,,,,,,,,,,,,,,,,3483000000.0,-14615000000.0,8883000000.0,0.0,-8014000000.0,266000000.0,561000000.0,18144000000.0,19901000000.0,-183000000.0,-1574000000.0,-5203000000.0,-5203000000.0,-178000000.0,707000000.0,0.0,0.0,-5732000000.0,-5732000000.0,-14615000000.0,8883000000.0,-7868000000.0,-7868000000.0,6000000.0,-132000000.0,0.0,-132000000.0,0.0,0.0,0.0,-1228000000.0,272000000.0,-1500000000.0,-6514000000.0,-6514000000.0,11497000000.0,11497000000.0,667000000.0,793000000.0,476000000.0,-2114000000.0,5367000000.0,5367000000.0,5367000000.0,-1540000000.0,-1709000000.0,-130000000.0,-130000000.0,245000000.0,2121000000.0,140000000.0,-149000000.0,-149000000.0,2911000000.0,2911000000.0,2911000000.0,-82000000.0,-55000000.0,-27000000.0,5644000000.0
2022-12-31,119.94999694824219,124.4800033569336,119.75,123.18000030517578,123.18000030517578,157777300,0.0,0.0,,,,,,,,,,,,,,,,,,,,,,,,,,,,,,,,,,,,,,,,,,,,,,,,cashflow,,,,,,,,,,,,,,,,,,,,,,,,,,,,,,,,,,,,,,,,,,,,,,,,,,,,,,,,,,,,,,,,,,,,,,,,,,,,,,,,,,7552000000.0,-3866000000.0,0.0,0.0,-7172000000.0,152000000.0,1203000000.0,16924000000.0,18144000000.0,-444000000.0,-776000000.0,-3527000000.0,-3527000000.0,-202000000.0,541000000.0,0.0,0.0,-3866000000.0,-3866000000.0,-3866000000.0,0.0,-11973000000.0,-11973000000.0,76000000.0,-5813000000.0,22000000.0,-5835000000.0,0.0,0.0,0.0,927000000.0,936000000.0,-9000000.0,-7163000000.0,-7163000000.0,14724000000.0,14724000000.0,-3712000000.0,1131000000.0,1904000000.0,-1570000000.0,8029000000.0,8029000000.0,8029000000.0,-3713000000.0,-6465000000.0,-1124000000.0,-1124000000.0,340000000.0,1560000000.0,177000000.0,-196000000.0,-196000000.0,3747000000.0,3747000000.0,3747000000.0,221000000.0,81000000.0,140000000.0,12587000000.0
2023-01-31,164.57000732421875,174.3000030517578,162.77999877929688,173.22000122070312,173.22000122070312,196813500,0.0,0.0,,,,,,,,,,,,,,,,,,,,,,,,,,,,,,,,,,,,,,,,,,,,,,,,cashflow,,,,,,,,,,,,,,,,,,,,,,,,,,,,,,,,,,,,,,,,,,,,,,,,,,,,,,,,,,,,,,,,,,,,,,,,,,,,,,,,,,7552000000.0,-3866000000.0,0.0,0.0,-7172000000.0,152000000.0,1203000000.0,16924000000.0,18144000000.0,-444000000.0,-776000000.0,-3527000000.0,-3527000000.0,-202000000.0,541000000.0,0.0,0.0,-3866000000.0,-3866000000.0,-3866000000.0,0.0,-11973000000.0,-11973000000.0,76000000.0,-5813000000.0,22000000.0,-5835000000.0,0.0,0.0,0.0,927000000.0,936000000.0,-9000000.0,-7163000000.0,-7163000000.0,14724000000.0,14724000000.0,-3712000000.0,1131000000.0,1904000000.0,-1570000000.0,8029000000.0,8029000000.0,8029000000.0,-3713000000.0,-6465000000.0,-1124000000.0,-1124000000.0,340000000.0,1560000000.0,177000000.0,-196000000.0,-196000000.0,3747000000.0,3747000000.0,3747000000.0,221000000.0,81000000.0,140000000.0,12587000000.0
2023-02-28,210.58999633789062,211.22999572753906,203.75,205.7100067138672,205.7100067138672,153144900,0.0,0.0,,,,,,,,,,,,,,,,,,,,,,,,,,,,,,,,,,,,,,,,,,,,,,,,cashflow,,,,,,,,,,,,,,,,,,,,,,,,,,,,,,,,,,,,,,,,,,,,,,,,,,,,,,,,,,,,,,,,,,,,,,,,,,,,,,,,,,7552000000.0,-3866000000.0,0.0,0.0,-7172000000.0,152000000.0,1203000000.0,16924000000.0,18144000000.0,-444000000.0,-776000000.0,-3527000000.0,-3527000000.0,-202000000.0,541000000.0,0.0,0.0,-3866000000.0,-3866000000.0,-3866000000.0,0.0,-11973000000.0,-11973000000.0,76000000.0,-5813000000.0,22000000.0,-5835000000.0,0.0,0.0,0.0,927000000.0,936000000.0,-9000000.0,-7163000000.0,-7163000000.0,14724000000.0,14724000000.0,-3712000000.0,1131000000.0,1904000000.0,-1570000000.0,8029000000.0,8029000000.0,8029000000.0,-3713000000.0,-6465000000.0,-1124000000.0,-1124000000.0,340000000.0,1560000000.0,177000000.0,-196000000.0,-196000000.0,3747000000.0,3747000000.0,3747000000.0,221000000.0,81000000.0,140000000.0,12587000000.0
2023-03-31,197.52999877929688,207.7899932861328,197.1999969482422,207.4600067138672,207.4600067138672,170222100,0.0,0.0,,,,,,,,,,,,,,,,,,,,,,,,,,,,,,,,,,,,,,,,,,,,,,,,cashflow,,,,,,,,,,,,,,,,,,,,,,,,,,,,,,,,,,,,,,,,,,,,,,,,,,,,,,,,,,,,,,,,,,,,,,,,,,,,,,,,,,7552000000.0,-3866000000.0,0.0,0.0,-7172000000.0,152000000.0,1203000000.0,16924000000.0,18144000000.0,-444000000.0,-776000000.0,-3527000000.0,-3527000000.0,-202000000.0,541000000.0,0.0,0.0,-3866000000.0,-3866000000.0,-3866000000.0,0.0,-11973000000.0,-11973000000.0,76000000.0,-5813000000.0,22000000.0,-5835000000.0,0.0,0.0,0.0,927000000.0,936000000.0,-9000000.0,-7163000000.0,-7163000000.0,14724000000.0,14724000000.0,-3712000000.0,1131000000.0,1904000000.0,-1570000000.0,8029000000.0,8029000000.0,8029000000.0,-3713000000.0,-6465000000.0,-1124000000.0,-1124000000.0,340000000.0,1560000000.0,177000000.0,-196000000.0,-196000000.0,3747000000.0,3747000000.0,3747000000.0,221000000.0,81000000.0,140000000.0,12587000000.0
2023-04-30,160.89999389648438,165.0,157.32000732421875,164.30999755859375,164.30999755859375,122515800,0.0,0.0,,,,,,,,,,,,,,,,,,,,,,,,,,,,,,,,,,,,,,,,,,,,,,,,cashflow,,,,,,,,,,,,,,,,,,,,,,,,,,,,,,,,,,,,,,,,,,,,,,,,,,,,,,,,,,,,,,,,,,,,,,,,,,,,,,,,,,7552000000.0,-3866000000.0,0.0,0.0,-7172000000.0,152000000.0,1203000000.0,16924000000.0,18144000000.0,-444000000.0,-776000000.0,-3527000000.0,-3527000000.0,-202000000.0,541000000.0,0.0,0.0,-3866000000.0,-3866000000.0,-3866000000.0,0.0,-11973000000.0,-11973000000.0,76000000.0,-5813000000.0,22000000.0,-5835000000.0,0.0,0.0,0.0,927000000.0,936000000.0,-9000000.0,-7163000000.0,-7163000000.0,14724000000.0,14724000000.0,-3712000000.0,1131000000.0,1904000000.0,-1570000000.0,8029000000.0,8029000000.0,8029000000.0,-3713000000.0,-6465000000.0,-1124000000.0,-1124000000.0,340000000.0,1560000000.0,177000000.0,-196000000.0,-196000000.0,3747000000.0,3747000000.0,3747000000.0,221000000.0,81000000.0,140000000.0,12587000000.0
2023-05-31,199.77999877929688,203.9499969482422,195.1199951171875,203.92999267578125,203.92999267578125,150711700,0.0,0.0,,,,,,,,,,,,,,,,,,,,,,,,,,,,,,,,,,,,,,,,,,,,,,,,cashflow,,,,,,,,,,,,,,,,,,,,,,,,,,,,,,,,,,,,,,,,,,,,,,,,,,,,,,,,,,,,,,,,,,,,,,,,,,,,,,,,,,7552000000.0,-3866000000.0,0.0,0.0,-7172000000.0,152000000.0,1203000000.0,16924000000.0,18144000000.0,-444000000.0,-776000000.0,-3527000000.0,-3527000000.0,-202000000.0,541000000.0,0.0,0.0,-3866000000.0,-3866000000.0,-3866000000.0,0.0,-11973000000.0,-11973000000.0,76000000.0,-5813000000.0,22000000.0,-5835000000.0,0.0,0.0,0.0,927000000.0,936000000.0,-9000000.0,-7163000000.0,-7163000000.0,14724000000.0,14724000000.0,-3712000000.0,1131000000.0,1904000000.0,-1570000000.0,8029000000.0,8029000000.0,8029000000.0,-3713000000.0,-6465000000.0,-1124000000.0,-1124000000.0,340000000.0,1560000000.0,177000000.0,-196000000.0,-196000000.0,3747000000.0,3747000000.0,3747000000.0,221000000.0,81000000.0,140000000.0,12587000000.0
2023-06-30,260.6000061035156,264.45001220703125,259.8900146484375,261.7699890136719,261.7699890136719,112620800,0.0,0.0,,,,,,,,,,,,,,,,,,,,,,,,,,,,,,,,,,,,,,,,,,,,,,,,cashflow,,,,,,,,,,,,,,,,,,,,,,,,,,,,,,,,,,,,,,,,,,,,,,,,,,,,,,,,,,,,,,,,,,,,,,,,,,,,,,,,,,7552000000.0,-3866000000.0,0.0,0.0,-7172000000.0,152000000.0,1203000000.0,16924000000.0,18144000000.0,-444000000.0,-776000000.0,-3527000000.0,-3527000000.0,-202000000.0,541000000.0,0.0,0.0,-3866000000.0,-3866000000.0,-3866000000.0,0.0,-11973000000.0,-11973000000.0,76000000.0,-5813000000.0,22000000.0,-5835000000.0,0.0,0.0,0.0,927000000.0,936000000.0,-9000000.0,-7163000000.0,-7163000000.0,14724000000.0,14724000000.0,-3712000000.0,1131000000.0,1904000000.0,-1570000000.0,8029000000.0,8029000000.0,8029000000.0,-3713000000.0,-6465000000.0,-1124000000.0,-1124000000.0,340000000.0,1560000000.0,177000000.0,-196000000.0,-196000000.0,3747000000.0,3747000000.0,3747000000.0,221000000.0,81000000.0,140000000.0,12587000000.0
2023-07-31,267.4800109863281,269.0799865722656,263.7799987792969,267.42999267578125,267.42999267578125,84582200,0.0,0.0,,,,,,,,,,,,,,,,,,,,,,,,,,,,,,,,,,,,,,,,,,,,,,,,cashflow,,,,,,,,,,,,,,,,,,,,,,,,,,,,,,,,,,,,,,,,,,,,,,,,,,,,,,,,,,,,,,,,,,,,,,,,,,,,,,,,,,7552000000.0,-3866000000.0,0.0,0.0,-7172000000.0,152000000.0,1203000000.0,16924000000.0,18144000000.0,-444000000.0,-776000000.0,-3527000000.0,-3527000000.0,-202000000.0,541000000.0,0.0,0.0,-3866000000.0,-3866000000.0,-3866000000.0,0.0,-11973000000.0,-11973000000.0,76000000.0,-5813000000.0,22000000.0,-5835000000.0,0.0,0.0,0.0,927000000.0,936000000.0,-9000000.0,-7163000000.0,-7163000000.0,14724000000.0,14724000000.0,-3712000000.0,1131000000.0,1904000000.0,-1570000000.0,8029000000.0,8029000000.0,8029000000.0,-3713000000.0,-6465000000.0,-1124000000.0,-1124000000.0,340000000.0,1560000000.0,177000000.0,-196000000.0,-196000000.0,3747000000.0,3747000000.0,3747000000.0,221000000.0,81000000.0,140000000.0,12587000000.0
2023-08-31,255.97999572753906,261.17999267578125,255.0500030517578,258.0799865722656,258.0799865722656,108861700,0.0,0.0,,,,,,,,,,,,,,,,,,,,,,,,,,,,,,,,,,,,,,,,,,,,,,,,cashflow,,,,,,,,,,,,,,,,,,,,,,,,,,,,,,,,,,,,,,,,,,,,,,,,,,,,,,,,,,,,,,,,,,,,,,,,,,,,,,,,,,7552000000.0,-3866000000.0,0.0,0.0,-7172000000.0,152000000.0,1203000000.0,16924000000.0,18144000000.0,-444000000.0,-776000000.0,-3527000000.0,-3527000000.0,-202000000.0,541000000.0,0.0,0.0,-3866000000.0,-3866000000.0,-3866000000.0,0.0,-11973000000.0,-11973000000.0,76000000.0,-5813000000.0,22000000.0,-5835000000.0,0.0,0.0,0.0,927000000.0,936000000.0,-9000000.0,-7163000000.0,-7163000000.0,14724000000.0,14724000000.0,-3712000000.0,1131000000.0,1904000000.0,-1570000000.0,8029000000.0,8029000000.0,8029000000.0,-3713000000.0,-6465000000.0,-1124000000.0,-1124000000.0,340000000.0,1560000000.0,177000000.0,-196000000.0,-196000000.0,3747000000.0,3747000000.0,3747000000.0,221000000.0,81000000.0,140000000.0,12587000000.0
2023-09-30,250.0,254.77000427246094,246.35000610351562,250.22000122070312,250.22000122070312,128522700,0.0,0.0,,,,,,,,,,,,,,,,,,,,,,,,,,,,,,,,,,,,,,,,,,,,,,,,cashflow,,,,,,,,,,,,,,,,,,,,,,,,,,,,,,,,,,,,,,,,,,,,,,,,,,,,,,,,,,,,,,,,,,,,,,,,,,,,,,,,,,7552000000.0,-3866000000.0,0.0,0.0,-7172000000.0,152000000.0,1203000000.0,16924000000.0,18144000000.0,-444000000.0,-776000000.0,-3527000000.0,-3527000000.0,-202000000.0,541000000.0,0.0,0.0,-3866000000.0,-3866000000.0,-3866000000.0,0.0,-11973000000.0,-11973000000.0,76000000.0,-5813000000.0,22000000.0,-5835000000.0,0.0,0.0,0.0,927000000.0,936000000.0,-9000000.0,-7163000000.0,-7163000000.0,14724000000.0,14724000000.0,-3712000000.0,1131000000.0,1904000000.0,-1570000000.0,8029000000.0,8029000000.0,8029000000.0,-3713000000.0,-6465000000.0,-1124000000.0,-1124000000.0,340000000.0,1560000000.0,177000000.0,-196000000.0,-196000000.0,3747000000.0,3747000000.0,3747000000.0,221000000.0,81000000.0,140000000.0,12587000000.0
2023-10-31,196.1199951171875,202.8000030517578,194.07000732421875,200.83999633789062,200.83999633789062,118068300,0.0,0.0,,,,,,,,,,,,,,,,,,,,,,,,,,,,,,,,,,,,,,,,,,,,,,,,cashflow,,,,,,,,,,,,,,,,,,,,,,,,,,,,,,,,,,,,,,,,,,,,,,,,,,,,,,,,,,,,,,,,,,,,,,,,,,,,,,,,,,7552000000.0,-3866000000.0,0.0,0.0,-7172000000.0,152000000.0,1203000000.0,16924000000.0,18144000000.0,-444000000.0,-776000000.0,-3527000000.0,-3527000000.0,-202000000.0,541000000.0,0.0,0.0,-3866000000.0,-3866000000.0,-3866000000.0,0.0,-11973000000.0,-11973000000.0,76000000.0,-5813000000.0,22000000.0,-5835000000.0,0.0,0.0,0.0,927000000.0,936000000.0,-9000000.0,-7163000000.0,-7163000000.0,14724000000.0,14724000000.0,-3712000000.0,1131000000.0,1904000000.0,-1570000000.0,8029000000.0,8029000000.0,8029000000.0,-3713000000.0,-6465000000.0,-1124000000.0,-1124000000.0,340000000.0,1560000000.0,177000000.0,-196000000.0,-196000000.0,3747000000.0,3747000000.0,3747000000.0,221000000.0,81000000.0,140000000.0,12587000000.0
2023-11-30,245.13999938964844,245.22000122070312,236.91000366210938,240.0800018310547,240.0800018310547,132353200,0.0,0.0,,,,,,,,,,,,,,,,,,,,,,,,,,,,,,,,,,,,,,,,,,,,,,,,cashflow,,,,,,,,,,,,,,,,,,,,,,,,,,,,,,,,,,,,,,,,,,,,,,,,,,,,,,,,,,,,,,,,,,,,,,,,,,,,,,,,,,7552000000.0,-3866000000.0,0.0,0.0,-7172000000.0,152000000.0,1203000000.0,16924000000.0,18144000000.0,-444000000.0,-776000000.0,-3527000000.0,-3527000000.0,-202000000.0,541000000.0,0.0,0.0,-3866000000.0,-3866000000.0,-3866000000.0,0.0,-11973000000.0,-11973000000.0,76000000.0,-5813000000.0,22000000.0,-5835000000.0,0.0,0.0,0.0,927000000.0,936000000.0,-9000000.0,-7163000000.0,-7163000000.0,14724000000.0,14724000000.0,-3712000000.0,1131000000.0,1904000000.0,-1570000000.0,8029000000.0,8029000000.0,8029000000.0,-3713000000.0,-6465000000.0,-1124000000.0,-1124000000.0,340000000.0,1560000000.0,177000000.0,-196000000.0,-196000000.0,3747000000.0,3747000000.0,3747000000.0,221000000.0,81000000.0,140000000.0,12587000000.0
2023-12-31,255.10000610351562,255.19000244140625,247.42999267578125,248.47999572753906,248.47999572753906,100891600,0.0,0.0,,,,,,,,,,,,,,,,,,,,,,,,,,,,,,,,,,,,,,,,,,,,,,,,cashflow,,,,,,,,,,,,,,,,,,,,,,,,,,,,,,,,,,,,,,,,,,,,,,,,,,,,,,,,,,,,,,,,,,,,,,,,,,,,,,,,,,4357000000.0,-1815000000.0,3931000000.0,,-8899000000.0,126000000.0,1119000000.0,17189000000.0,16924000000.0,4000000.0,261000000.0,2589000000.0,2589000000.0,-227000000.0,700000000.0,,,2116000000.0,2116000000.0,-1815000000.0,3931000000.0,-15584000000.0,-15584000000.0,,-6621000000.0,12491000000.0,-19112000000.0,-64000000.0,,-64000000.0,0.0,0.0,0.0,-8899000000.0,-8899000000.0,13256000000.0,13256000000.0,-2248000000.0,1532000000.0,,-1952000000.0,2605000000.0,2605000000.0,2605000000.0,-2652000000.0,-1195000000.0,-586000000.0,-586000000.0,81000000.0,1812000000.0,463000000.0,-6349000000.0,-6349000000.0,4667000000.0,4667000000.0,4667000000.0,-144000000.0,-144000000.0,0.0,14974000000.0
2024-01-31,187.0,193.97000122070312,185.85000610351562,187.2899932861328,187.2899932861328,103221400,0.0,0.0,,,,,,,,,,,,,,,,,,,,,,,,,,,,,,,,,,,,,,,,,,,,,,,,cashflow,,,,,,,,,,,,,,,,,,,,,,,,,,,,,,,,,,,,,,,,,,,,,,,,,,,,,,,,,,,,,,,,,,,,,,,,,,,,,,,,,,4357000000.0,-1815000000.0,3931000000.0,,-8899000000.0,126000000.0,1119000000.0,17189000000.0,16924000000.0,4000000.0,261000000.0,2589000000.0,2589000000.0,-227000000.0,700000000.0,,,2116000000.0,2116000000.0,-1815000000.0,3931000000.0,-15584000000.0,-15584000000.0,,-6621000000.0,12491000000.0,-19112000000.0,-64000000.0,,-64000000.0,0.0,0.0,0.0,-8899000000.0,-8899000000.0,13256000000.0,13256000000.0,-2248000000.0,1532000000.0,,-1952000000.0,2605000000.0,2605000000.0,2605000000.0,-2652000000.0,-1195000000.0,-586000000.0,-586000000.0,81000000.0,1812000000.0,463000000.0,-6349000000.0,-6349000000.0,4667000000.0,4667000000.0,4667000000.0,-144000000.0,-144000000.0,0.0,14974000000.0
2024-02-29,204.17999267578125,205.27999877929688,198.4499969482422,201.8800048828125,201.8800048828125,85907000,0.0,0.0,,,,,,,,,,,,,,,,,,,,,,,,,,,,,,,,,,,,,,,,,,,,,,,,cashflow,,,,,,,,,,,,,,,,,,,,,,,,,,,,,,,,,,,,,,,,,,,,,,,,,,,,,,,,,,,,,,,,,,,,,,,,,,,,,,,,,,4357000000.0,-1815000000.0,3931000000.0,,-8899000000.0,126000000.0,1119000000.0,17189000000.0,16924000000.0,4000000.0,261000000.0,2589000000.0,2589000000.0,-227000000.0,700000000.0,,,2116000000.0,2116000000.0,-1815000000.0,3931000000.0,-15584000000.0,-15584000000.0,,-6621000000.0,12491000000.0,-19112000000.0,-64000000.0,,-64000000.0,0.0,0.0,0.0,-8899000000.0,-8899000000.0,13256000000.0,13256000000.0,-2248000000.0,1532000000.0,,-1952000000.0,2605000000.0,2605000000.0,2605000000.0,-2652000000.0,-1195000000.0,-586000000.0,-586000000.0,81000000.0,1812000000.0,463000000.0,-6349000000.0,-6349000000.0,4667000000.0,4667000000.0,4667000000.0,-144000000.0,-144000000.0,0.0,14974000000.0
2024-03-31,177.4499969482422,179.57000732421875,175.3000030517578,175.7899932861328,175.7899932861328,77654800,0.0,0.0,,,,,,,,,,,,,,,,,,,,,,,,,,,,,,,,,,,,,,,,,,,,,,,,cashflow,,,,,,,,,,,,,,,,,,,,,,,,,,,,,,,,,,,,,,,,,,,,,,,,,,,,,,,,,,,,,,,,,,,,,,,,,,,,,,,,,,4357000000.0,-1815000000.0,3931000000.0,,-8899000000.0,126000000.0,1119000000.0,17189000000.0,16924000000.0,4000000.0,261000000.0,2589000000.0,2589000000.0,-227000000.0,700000000.0,,,2116000000.0,2116000000.0,-1815000000.0,3931000000.0,-15584000000.0,-15584000000.0,,-6621000000.0,12491000000.0,-19112000000.0,-64000000.0,,-64000000.0,0.0,0.0,0.0,-8899000000.0,-8899000000.0,13256000000.0,13256000000.0,-2248000000.0,1532000000.0,,-1952000000.0,2605000000.0,2605000000.0,2605000000.0,-2652000000.0,-1195000000.0,-586000000.0,-586000000.0,81000000.0,1812000000.0,463000000.0,-6349000000.0,-6349000000.0,4667000000.0,4667000000.0,4667000000.0,-144000000.0,-144000000.0,0.0,14974000000.0
2024-04-30,186.97999572753906,190.9499969482422,182.83999633789062,183.27999877929688,183.27999877929688,127031800,0.0,0.0,,,,,,,,,,,,,,,,,,,,,,,,,,,,,,,,,,,,,,,,,,,,,,,,cashflow,,,,,,,,,,,,,,,,,,,,,,,,,,,,,,,,,,,,,,,,,,,,,,,,,,,,,,,,,,,,,,,,,,,,,,,,,,,,,,,,,,4357000000.0,-1815000000.0,3931000000.0,,-8899000000.0,126000000.0,1119000000.0,17189000000.0,16924000000.0,4000000.0,261000000.0,2589000000.0,2589000000.0,-227000000.0,700000000.0,,,2116000000.0,2116000000.0,-1815000000.0,3931000000.0,-15584000000.0,-15584000000.0,,-6621000000.0,12491000000.0,-19112000000.0,-64000000.0,,-64000000.0,0.0,0.0,0.0,-8899000000.0,-8899000000.0,13256000000.0,13256000000.0,-2248000000.0,1532000000.0,,-1952000000.0,2605000000.0,2605000000.0,2605000000.0,-2652000000.0,-1195000000.0,-586000000.0,-586000000.0,81000000.0,1812000000.0,463000000.0,-6349000000.0,-6349000000.0,4667000000.0,4667000000.0,4667000000.0,-144000000.0,-144000000.0,0.0,14974000000.0
2024-05-31,178.5,180.32000732421875,173.82000732421875,178.0800018310547,178.0800018310547,67314600,0.0,0.0,,,,,,,,,,,,,,,,,,,,,,,,,,,,,,,,,,,,,,,,,,,,,,,,cashflow,,,,,,,,,,,,,,,,,,,,,,,,,,,,,,,,,,,,,,,,,,,,,,,,,,,,,,,,,,,,,,,,,,,,,,,,,,,,,,,,,,4357000000.0,-1815000000.0,3931000000.0,,-8899000000.0,126000000.0,1119000000.0,17189000000.0,16924000000.0,4000000.0,261000000.0,2589000000.0,2589000000.0,-227000000.0,700000000.0,,,2116000000.0,2116000000.0,-1815000000.0,3931000000.0,-15584000000.0,-15584000000.0,,-6621000000.0,12491000000.0,-19112000000.0,-64000000.0,,-64000000.0,0.0,0.0,0.0,-8899000000.0,-8899000000.0,13256000000.0,13256000000.0,-2248000000.0,1532000000.0,,-1952000000.0,2605000000.0,2605000000.0,2605000000.0,-2652000000.0,-1195000000.0,-586000000.0,-586000000.0,81000000.0,1812000000.0,463000000.0,-6349000000.0,-6349000000.0,4667000000.0,4667000000.0,4667000000.0,-144000000.0,-144000000.0,0.0,14974000000.0
2024-06-30,199.5500030517578,203.1999969482422,195.25999450683594,197.8800048828125,197.8800048828125,95438100,0.0,0.0,,,,,,,,,,,,,,,,,,,,,,,,,,,,,,,,,,,,,,,,,,,,,,,,cashflow,,,,,,,,,,,,,,,,,,,,,,,,,,,,,,,,,,,,,,,,,,,,,,,,,,,,,,,,,,,,,,,,,,,,,,,,,,,,,,,,,,4357000000.0,-1815000000.0,3931000000.0,,-8899000000.0,126000000.0,1119000000.0,17189000000.0,16924000000.0,4000000.0,261000000.0,2589000000.0,2589000000.0,-227000000.0,700000000.0,,,2116000000.0,2116000000.0,-1815000000.0,3931000000.0,-15584000000.0,-15584000000.0,,-6621000000.0,12491000000.0,-19112000000.0,-64000000.0,,-64000000.0,0.0,0.0,0.0,-8899000000.0,-8899000000.0,13256000000.0,13256000000.0,-2248000000.0,1532000000.0,,-1952000000.0,2605000000.0,2605000000.0,2605000000.0,-2652000000.0,-1195000000.0,-586000000.0,-586000000.0,81000000.0,1812000000.0,463000000.0,-6349000000.0,-6349000000.0,4667000000.0,4667000000.0,4667000000.0,-144000000.0,-144000000.0,0.0,14974000000.0
2024-07-31,227.89999389648438,234.67999267578125,226.7899932861328,232.07000732421875,232.07000732421875,67497000,0.0,0.0,,,,,,,,,,,,,,,,,,,,,,,,,,,,,,,,,,,,,,,,,,,,,,,,cashflow,,,,,,,,,,,,,,,,,,,,,,,,,,,,,,,,,,,,,,,,,,,,,,,,,,,,,,,,,,,,,,,,,,,,,,,,,,,,,,,,,,4357000000.0,-1815000000.0,3931000000.0,,-8899000000.0,126000000.0,1119000000.0,17189000000.0,16924000000.0,4000000.0,261000000.0,2589000000.0,2589000000.0,-227000000.0,700000000.0,,,2116000000.0,2116000000.0,-1815000000.0,3931000000.0,-15584000000.0,-15584000000.0,,-6621000000.0,12491000000.0,-19112000000.0,-64000000.0,,-64000000.0,0.0,0.0,0.0,-8899000000.0,-8899000000.0,13256000000.0,13256000000.0,-2248000000.0,1532000000.0,,-1952000000.0,2605000000.0,2605000000.0,2605000000.0,-2652000000.0,-1195000000.0,-586000000.0,-586000000.0,81000000.0,1812000000.0,463000000.0,-6349000000.0,-6349000000.0,4667000000.0,4667000000.0,4667000000.0,-144000000.0,-144000000.0,0.0,14974000000.0
2024-08-31,208.6300048828125,214.57000732421875,207.02999877929688,214.11000061035156,214.11000061035156,63370600,0.0,0.0,,,,,,,,,,,,,,,,,,,,,,,,,,,,,,,,,,,,,,,,,,,,,,,,cashflow,,,,,,,,,,,,,,,,,,,,,,,,,,,,,,,,,,,,,,,,,,,,,,,,,,,,,,,,,,,,,,,,,,,,,,,,,,,,,,,,,,4357000000.0,-1815000000.0,3931000000.0,,-8899000000.0,126000000.0,1119000000.0,17189000000.0,16924000000.0,4000000.0,261000000.0,2589000000.0,2589000000.0,-227000000.0,700000000.0,,,2116000000.0,2116000000.0,-1815000000.0,3931000000.0,-15584000000.0,-15584000000.0,,-6621000000.0,12491000000.0,-19112000000.0,-64000000.0,,-64000000.0,0.0,0.0,0.0,-8899000000.0,-8899000000.0,13256000000.0,13256000000.0,-2248000000.0,1532000000.0,,-1952000000.0,2605000000.0,2605000000.0,2605000000.0,-2652000000.0,-1195000000.0,-586000000.0,-586000000.0,81000000.0,1812000000.0,463000000.0,-6349000000.0,-6349000000.0,4667000000.0,4667000000.0,4667000000.0,-144000000.0,-144000000.0,0.0,14974000000.0
2024-09-30,259.0400085449219,264.8599853515625,255.77000427246094,261.6300048828125,261.6300048828125,80705700,0.0,0.0,,,,,,,,,,,,,,,,,,,,,,,,,,,,,,,,,,,,,,,,,,,,,,,,cashflow,,,,,,,,,,,,,,,,,,,,,,,,,,,,,,,,,,,,,,,,,,,,,,,,,,,,,,,,,,,,,,,,,,,,,,,,,,,,,,,,,,4357000000.0,-1815000000.0,3931000000.0,,-8899000000.0,126000000.0,1119000000.0,17189000000.0,16924000000.0,4000000.0,261000000.0,2589000000.0,2589000000.0,-227000000.0,700000000.0,,,2116000000.0,2116000000.0,-1815000000.0,3931000000.0,-15584000000.0,-15584000000.0,,-6621000000.0,12491000000.0,-19112000000.0,-64000000.0,,-64000000.0,0.0,0.0,0.0,-8899000000.0,-8899000000.0,13256000000.0,13256000000.0,-2248000000.0,1532000000.0,,-1952000000.0,2605000000.0,2605000000.0,2605000000.0,-2652000000.0,-1195000000.0,-586000000.0,-586000000.0,81000000.0,1812000000.0,463000000.0,-6349000000.0,-6349000000.0,4667000000.0,4667000000.0,4667000000.0,-144000000.0,-144000000.0,0.0,14974000000.0
2024-10-31,257.989990234375,259.75,249.25,249.85000610351562,249.85000610351562,66575300,0.0,0.0,,,,,,,,,,,,,,,,,,,,,,,,,,,,,,,,,,,,,,,,,,,,,,,,cashflow,,,,,,,,,,,,,,,,,,,,,,,,,,,,,,,,,,,,,,,,,,,,,,,,,,,,,,,,,,,,,,,,,,,,,,,,,,,,,,,,,,4357000000.0,-1815000000.0,3931000000.0,,-8899000000.0,126000000.0,1119000000.0,17189000000.0,16924000000.0,4000000.0,261000000.0,2589000000.0,2589000000.0,-227000000.0,700000000.0,,,2116000000.0,2116000000.0,-1815000000.0,3931000000.0,-15584000000.0,-15584000000.0,,-6621000000.0,12491000000.0,-19112000000.0,-64000000.0,,-64000000.0,0.0,0.0,0.0,-8899000000.0,-8899000000.0,13256000000.0,13256000000.0,-2248000000.0,1532000000.0,,-1952000000.0,2605000000.0,2605000000.0,2605000000.0,-2652000000.0,-1195000000.0,-586000000.0,-586000000.0,81000000.0,1812000000.0,463000000.0,-6349000000.0,-6349000000.0,4667000000.0,4667000000.0,4667000000.0,-144000000.0,-144000000.0,0.0,14974000000.0
2024-11-30,336.0799865722656,345.45001220703125,334.6499938964844,345.1600036621094,345.1600036621094,37167600,0.0,0.0,,,,,,,,,,,,,,,,,,,,,,,,,,,,,,,,,,,,,,,,,,,,,,,,cashflow,,,,,,,,,,,,,,,,,,,,,,,,,,,,,,,,,,,,,,,,,,,,,,,,,,,,,,,,,,,,,,,,,,,,,,,,,,,,,,,,,,4357000000.0,-1815000000.0,3931000000.0,,-8899000000.0,126000000.0,1119000000.0,17189000000.0,16924000000.0,4000000.0,261000000.0,2589000000.0,2589000000.0,-227000000.0,700000000.0,,,2116000000.0,2116000000.0,-1815000000.0,3931000000.0,-15584000000.0,-15584000000.0,,-6621000000.0,12491000000.0,-19112000000.0,-64000000.0,,-64000000.0,0.0,0.0,0.0,-8899000000.0,-8899000000.0,13256000000.0,13256000000.0,-2248000000.0,1532000000.0,,-1952000000.0,2605000000.0,2605000000.0,2605000000.0,-2652000000.0,-1195000000.0,-586000000.0,-586000000.0,81000000.0,1812000000.0,463000000.0,-6349000000.0,-6349000000.0,4667000000.0,4667000000.0,4667000000.0,-144000000.0,-144000000.0,0.0,14974000000.0
2024-12-31,423.7900085449219,427.92999267578125,402.5400085449219,403.8399963378906,403.8399963378906,76825100,0.0,0.0,,,,,,,,,,,,,,,,,,,,,,,,,,,,,,,,,,,,,,,,,,,,,,,,cashflow,,,,,,,,,,,,,,,,,,,,,,,,,,,,,,,,,,,,,,,,,,,,,,,,,,,,,,,,,,,,,,,,,,,,,,,,,,,,,,,,,,3581000000.0,-2881000000.0,5744000000.0,,-11342000000.0,277000000.0,1331000000.0,17037000000.0,17189000000.0,-141000000.0,-11000000.0,3853000000.0,3853000000.0,-251000000.0,1241000000.0,,,2863000000.0,2863000000.0,-2881000000.0,5744000000.0,-18787000000.0,-18787000000.0,,-7445000000.0,28510000000.0,-35955000000.0,0.0,,0.0,0.0,0.0,0.0,-11342000000.0,-11342000000.0,14923000000.0,14923000000.0,81000000.0,502000000.0,,-590000000.0,3588000000.0,3588000000.0,3588000000.0,-3273000000.0,937000000.0,-1083000000.0,-1083000000.0,172000000.0,1999000000.0,335000000.0,477000000.0,477000000.0,5368000000.0,5368000000.0,5368000000.0,-662000000.0,-73000000.0,-589000000.0,7153000000.0
2025-01-31,401.5299987792969,419.989990234375,401.3399963378906,404.6000061035156,404.6000061035156,83283600,0.0,0.0,,,,,,,,,,,,,,,,,,,,,,,,,,,,,,,,,,,,,,,,,,,,,,,,,,,,,,,,,,,,,,,,,,,,,,,,,,,,,,,,,,,,,,,,,,,,,,,,,,,,,,,,,,,,,,,,,,,,,,,,,,,,,,,,,,,,,,,,,,,,,,,,,,,,,,,,,,,,,,,,,,,,,,,,,,,,,,,,,,,,,,,,,,,,,
2025-02-28,279.5,293.8800048828125,273.6000061035156,292.9800109863281,292.9800109863281,115697000,0.0,0.0,,,,,,,,,,,,,,,,,,,,,,,,,,,,,,,,,,,,,,,,,,,,,,,,,,,,,,,,,,,,,,,,,,,,,,,,,,,,,,,,,,,,,,,,,,,,,,,,,,,,,,,,,,,,,,,,,,,,,,,,,,,,,,,,,,,,,,,,,,,,,,,,,,,,,,,,,,,,,,,,,,,,,,,,,,,,,,,,,,,,,,,,,,,,,
2025-03-31,249.30999755859375,260.55999755859375,243.36000061035156,259.1600036621094,259.1600036621094,134008900,0.0,0.0,,,,,,,,,,,,,,,,,,,,,,,,,,,,,,,,,,,,,,,,,,,,,,,,,,,,,,,,,,,,,,,,,,,,,,,,,,,,,,,,,,,,,,,,,,,,,,,,,,,,,,,,,,,,,,,,,,,,,,,,,,,,,,,,,,,,,,,,,,,,,,,,,,,,,,,,,,,,,,,,,,,,,,,,,,,,,,,,,,,,,,,,,,,,,
2025-04-30,279.8999938964844,284.45001220703125,270.7799987792969,282.1600036621094,282.1600036621094,128961100,0.0,0.0,,,,,,,,,,,,,,,,,,,,,,,,,,,,,,,,,,,,,,,,,,,,,,,,,,,,,,,,,,,,,,,,,,,,,,,,,,,,,,,,,,,,,,,,,,,,,,,,,,,,,,,,,,,,,,,,,,,,,,,,,,,,,,,,,,,,,,,,,,,,,,,,,,,,,,,,,,,,,,,,,,,,,,,,,,,,,,,,,,,,,,,,,,,,,
2025-05-31,355.5199890136719,363.67999267578125,345.2900085449219,346.4599914550781,346.4599914550781,123474900,0.0,0.0,,,,,,,,,,,,,,,,,,,,,,,,,,,,,,,,,,,,,,,,,,,,,,,,,,,,,,,,,,,,,,,,,,,,,,,,,,,,,,,,,,,,,,,,,,,,,,,,,,,,,,,,,,,,,,,,,,,,,,,,,,,,,,,,,,,,,,,,,,,,,,,,,,,,,,,,,,,,,,,,,,,,,,,,,,,,,,,,,,,,,,,,,,,,,
2025-06-30,319.8999938964844,325.5799865722656,316.6000061035156,317.6600036621094,317.6600036621094,76695100,0.0,0.0,,,,,,,,,,,,,,,,,,,,,,,,,,,,,,,,,,,,,,,,,,,,,,,,,,,,,,,,,,,,,,,,,,,,,,,,,,,,,,,,,,,,,,,,,,,,,,,,,,,,,,,,,,,,,,,,,,,,,,,,,,,,,,,,,,,,,,,,,,,,,,,,,,,,,,,,,,,,,,,,,,,,,,,,,,,,,,,,,,,,,,,,,,,,,
2025-07-31,319.6099853515625,321.3699951171875,306.1000061035156,308.2699890136719,308.2699890136719,85270900,0.0,0.0,,,,,,,,,,,,,,,,,,,,,,,,,,,,,,,,,,,,,,,,,,,,,,,,,,,,,,,,,,,,,,,,,,,,,,,,,,,,,,,,,,,,,,,,,,,,,,,,,,,,,,,,,,,,,,,,,,,,,,,,,,,,,,,,,,,,,,,,,,,,,,,,,,,,,,,,,,,,,,,,,,,,,,,,,,,,,,,,,,,,,,,,,,,,,
2025-08-31,347.2300109863281,348.75,331.70001220703125,333.8699951171875,333.8699951171875,81145700,0.0,0.0,,,,,,,,,,,,,,,,,,,,,,,,,,,,,,,,,,,,,,,,,,,,,,,,,,,,,,,,,,,,,,,,,,,,,,,,,,,,,,,,,,,,,,,,,,,,,,,,,,,,,,,,,,,,,,,,,,,,,,,,,,,,,,,,,,,,,,,,,,,,,,,,,,,,,,,,,,,,,,,,,,,,,,,,,,,,,,,,,,,,,,,,,,,,,
2025-09-30,441.5199890136719,445.0,433.1199951171875,444.7200012207031,444.7200012207031,74358000,0.0,0.0,,,,,,,,,,,,,,,,,,,,,,,,,,,,,,,,,,,,,,,,,,,,,,,,,,,,,,,,,,,,,,,,,,,,,,,,,,,,,,,,,,,,,,,,,,,,,,,,,,,,,,,,,,,,,,,,,,,,,,,,,,,,,,,,,,,,,,,,,,,,,,,,,,,,,,,,,,,,,,,,,,,,,,,,,,,,,,,,,,,,,,,,,,,,,
2025-10-31,446.75,458.0,443.69000244140625,456.55999755859375,456.55999755859375,83135800,0.0,0.0,,,,,,,,,,,,,,,,,,,,,,,,,,,,,,,,,,,,,,,,,,,,,,,,,,,,,,,,,,,,,,,,,,,,,,,,,,,,,,,,,,,,,,,,,,,,,,,,,,,,,,,,,,,,,,,,,,,,,,,,,,,,,,,,,,,,,,,,,,,,,,,,,,,,,,,,,,,,,,,,,,,,,,,,,,,,,,,,,,,,,,,,,,,,,
2025-11-30,426.5899963378906,432.92999267578125,426.20001220703125,430.1700134277344,430.1700134277344,36252900,0.0,0.0,,,,,,,,,,,,,,,,,,,,,,,,,,,,,,,,,,,,,,,,,,,,,,,,,,,,,,,,,,,,,,,,,,,,,,,,,,,,,,,,,,,,,,,,,,,,,,,,,,,,,,,,,,,,,,,,,,,,,,,,,,,,,,,,,,,,,,,,,,,,,,,,,,,,,,,,,,,,,,,,,,,,,,,,,,,,,,,,,,,,,,,,,,,,,
2025-12-31,448.0899963378906,463.010009765625,441.6700134277344,458.9599914550781,458.9599914550781,73773952,0.0,0.0,,,,,,,,,,,,,,,,,,,,,,,,,,,,,,,,,,,,,,,,,,,,,,,,,,,,,,,,,,,,,,,,,,,,,,,,,,,,,,,,,,,,,,,,,,,,,,,,,,,,,,,,,,,,,,,,,,,,,,,,,,,,,,,,,,,,,,,,,,,,,,,,,,,,,,,,,,,,,,,,,,,,,,,,,,,,,,,,,,,,,,,,,,,,,
